dataset,seed,old_task,acquisition_accuracy,best_pre_final_accuracy,stage_of_best_pre_final_accuracy,final_accuracy,forgetting_contribution_manuscript,historical_contribution,final80_contribution
ember,42,1,0.910094,0.910094,1,0.832343,0.0777509999999999,0.0777509999999999,0.0777509999999999
ember,42,2,0.907426,0.907426,2,0.715666,0.19175999999999993,0.19175999999999993,0.19175999999999993
ember,42,3,0.939629,0.939629,3,0.826061,0.113568,0.113568,0.113568
ember,42,4,0.8125,0.8125,4,0.700368,0.11213200000000001,0.11213200000000001,0.11213200000000001
ember,42,5,0.892308,0.892308,5,0.802198,0.09011000000000002,0.09011000000000002,0.09011000000000002
ember,42,6,0.759328,0.759328,6,0.673507,0.08582100000000004,0.08582100000000004,0.08582100000000004
ember,42,7,0.863378,0.863378,7,0.83871,0.024668000000000023,0.024668000000000023,0.024668000000000023
ember,42,8,0.822785,0.822785,8,0.76052,0.062265000000000015,0.062265000000000015,0.062265000000000015
ember,42,9,0.883065,0.883065,9,0.714718,0.16834700000000002,0.16834700000000002,0.16834700000000002
ember,42,10,0.914557,0.914557,10,0.884494,0.03006299999999995,0.03006299999999995,0.03006299999999995
ember,43,1,0.889505,0.889505,1,0.785545,0.10395999999999994,0.10395999999999994,0.10395999999999994
ember,43,2,0.881064,0.895149,6,0.862285,0.032864000000000004,0.032864000000000004,0.032864000000000004
ember,43,3,0.9094,0.9094,3,0.720272,0.18912799999999996,0.18912799999999996,0.18912799999999996
ember,43,4,0.82662,0.82662,4,0.639667,0.18695300000000004,0.18695300000000004,0.18695300000000004
ember,43,5,0.929426,0.929426,5,0.880383,0.04904299999999995,0.04904299999999995,0.04904299999999995
ember,43,6,0.82881,0.82881,6,0.703549,0.12526100000000007,0.12526100000000007,0.12526100000000007
ember,43,7,0.983791,0.983791,7,0.929761,0.05403000000000002,0.05403000000000002,0.05403000000000002
ember,43,8,0.939709,0.939709,8,0.925156,0.014553000000000038,0.014553000000000038,0.014553000000000038
ember,43,9,0.831818,0.831818,9,0.780303,0.05151499999999998,0.05151499999999998,0.05151499999999998
ember,43,10,0.944489,0.944489,10,0.938937,0.005552000000000001,0.005552000000000001,0.005552000000000001
ember,44,1,0.90576,0.90576,1,0.843736,0.06202399999999997,0.06202399999999997,0.06202399999999997
ember,44,2,0.829203,0.829203,2,0.631338,0.19786500000000007,0.19786500000000007,0.19786500000000007
ember,44,3,0.83323,0.83323,3,0.66584,0.16739000000000004,0.16739000000000004,0.16739000000000004
ember,44,4,0.910327,0.910327,4,0.663476,0.24685100000000004,0.24685100000000004,0.24685100000000004
ember,44,5,0.926307,0.926307,5,0.893745,0.03256199999999998,0.03256199999999998,0.03256199999999998
ember,44,6,0.934545,0.935758,7,0.927273,0.008484999999999965,0.008484999999999965,0.008484999999999965
ember,44,7,0.920202,0.920202,7,0.837374,0.08282800000000001,0.08282800000000001,0.08282800000000001
ember,44,8,0.861286,0.861286,8,0.772699,0.08858699999999997,0.08858699999999997,0.08858699999999997
ember,44,9,0.896985,0.896985,9,0.864322,0.032663,0.032663,0.032663
ember,44,10,0.752554,0.752554,10,0.712826,0.039727999999999986,0.039727999999999986,0.039727999999999986
ember,45,1,0.888076,0.888076,1,0.789866,0.09821000000000002,0.09821000000000002,0.09821000000000002
ember,45,2,0.885938,0.885938,2,0.775,0.11093799999999998,0.11093799999999998,0.11093799999999998
ember,45,3,0.973995,0.973995,3,0.951537,0.02245800000000009,0.02245800000000009,0.02245800000000009
ember,45,4,0.85374,0.85374,4,0.686981,0.1667590000000001,0.1667590000000001,0.1667590000000001
ember,45,5,0.929144,0.929144,5,0.815773,0.113371,0.113371,0.113371
ember,45,6,0.760835,0.760835,6,0.677368,0.08346700000000007,0.08346700000000007,0.08346700000000007
ember,45,7,0.944385,0.944385,7,0.914439,0.029946000000000028,0.029946000000000028,0.029946000000000028
ember,45,8,0.92841,0.92841,8,0.879021,0.049388999999999905,0.049388999999999905,0.049388999999999905
ember,45,9,0.880503,0.880503,9,0.832285,0.04821799999999998,0.04821799999999998,0.04821799999999998
ember,45,10,0.912946,0.912946,10,0.878348,0.03459800000000002,0.03459800000000002,0.03459800000000002
ember,46,1,0.887269,0.887269,1,0.740525,0.14674399999999999,0.14674399999999999,0.14674399999999999
ember,46,2,0.975467,0.975467,2,0.940421,0.03504600000000002,0.03504600000000002,0.03504600000000002
ember,46,3,0.978655,0.978655,3,0.950625,0.02803,0.02803,0.02803
ember,46,4,0.804233,0.804233,4,0.632275,0.17195799999999994,0.17195799999999994,0.17195799999999994
ember,46,5,0.931507,0.931507,5,0.907045,0.024461999999999984,0.024461999999999984,0.024461999999999984
ember,46,6,0.827143,0.827143,6,0.700451,0.12669199999999992,0.12669199999999992,0.12669199999999992
ember,46,7,0.749296,0.749296,7,0.63662,0.112676,0.112676,0.112676
ember,46,8,0.645885,0.645885,8,0.659601,-0.01371599999999995,-0.01371599999999995,0.0
ember,46,9,0.824196,0.824196,9,0.752558,0.07163800000000009,0.07163800000000009,0.07163800000000009
ember,46,10,0.919223,0.919223,10,0.916155,0.0030679999999999596,0.0030679999999999596,0.0030679999999999596
ember,47,1,0.90942,0.90942,1,0.811066,0.09835400000000005,0.09835400000000005,0.09835400000000005
ember,47,2,0.781633,0.781633,2,0.605102,0.176531,0.176531,0.176531
ember,47,3,0.849607,0.849607,3,0.56229,0.28731700000000004,0.28731700000000004,0.28731700000000004
ember,47,4,0.603053,0.603053,4,0.346565,0.25648799999999994,0.25648799999999994,0.25648799999999994
ember,47,5,0.838804,0.838804,5,0.811816,0.026988000000000012,0.026988000000000012,0.026988000000000012
ember,47,6,0.934126,0.934126,6,0.90798,0.026146000000000003,0.026146000000000003,0.026146000000000003
ember,47,7,0.791667,0.791667,7,0.737179,0.05448799999999998,0.05448799999999998,0.05448799999999998
ember,47,8,0.970833,0.970833,8,0.95625,0.014582999999999902,0.014582999999999902,0.014582999999999902
ember,47,9,0.831878,0.844978,10,0.799127,0.045850999999999975,0.045850999999999975,0.045850999999999975
ember,47,10,0.934817,0.934817,10,0.90779,0.027027000000000023,0.027027000000000023,0.027027000000000023
ember,48,1,0.88479,0.88479,1,0.790215,0.09457499999999996,0.09457499999999996,0.09457499999999996
ember,48,2,0.915793,0.915793,2,0.701229,0.21456399999999998,0.21456399999999998,0.21456399999999998
ember,48,3,0.89945,0.89945,3,0.516104,0.38334599999999996,0.38334599999999996,0.38334599999999996
ember,48,4,0.932879,0.932879,4,0.855058,0.07782100000000003,0.07782100000000003,0.07782100000000003
ember,48,5,0.776408,0.776408,5,0.65493,0.12147799999999997,0.12147799999999997,0.12147799999999997
ember,48,6,0.871795,0.871795,6,0.681698,0.19009699999999996,0.19009699999999996,0.19009699999999996
ember,48,7,0.913087,0.913087,7,0.893107,0.019979999999999998,0.019979999999999998,0.019979999999999998
ember,48,8,0.84438,0.84438,8,0.760807,0.08357300000000001,0.08357300000000001,0.08357300000000001
ember,48,9,0.904435,0.904435,9,0.896515,0.007920000000000038,0.007920000000000038,0.007920000000000038
ember,48,10,0.748634,0.748634,10,0.690346,0.058288000000000006,0.058288000000000006,0.058288000000000006
ember,49,1,0.899404,0.899404,1,0.788468,0.11093600000000003,0.11093600000000003,0.11093600000000003
ember,49,2,0.889211,0.889211,2,0.644737,0.24447399999999997,0.24447399999999997,0.24447399999999997
ember,49,3,0.956318,0.956318,3,0.932397,0.02392099999999997,0.02392099999999997,0.02392099999999997
ember,49,4,0.569474,0.569474,4,0.396688,0.17278600000000005,0.17278600000000005,0.17278600000000005
ember,49,5,0.928375,0.928375,5,0.898072,0.03030299999999997,0.03030299999999997,0.03030299999999997
ember,49,6,0.921113,0.922025,10,0.912905,0.009120000000000017,0.009120000000000017,0.009120000000000017
ember,49,7,0.919355,0.919355,7,0.900538,0.018817000000000084,0.018817000000000084,0.018817000000000084
ember,49,8,0.940828,0.940828,8,0.897041,0.04378700000000002,0.04378700000000002,0.04378700000000002
ember,49,9,0.913765,0.913765,9,0.873411,0.040354,0.040354,0.040354
ember,49,10,0.790708,0.790708,10,0.779204,0.011503999999999959,0.011503999999999959,0.011503999999999959
ember,50,1,0.922113,0.922113,1,0.795381,0.12673199999999996,0.12673199999999996,0.12673199999999996
ember,50,2,0.866545,0.866545,2,0.62401,0.24253500000000006,0.24253500000000006,0.24253500000000006
ember,50,3,0.985675,0.985675,3,0.974079,0.01159599999999994,0.01159599999999994,0.01159599999999994
ember,50,4,0.979907,0.979907,4,0.961284,0.018622999999999945,0.018622999999999945,0.018622999999999945
ember,50,5,0.594805,0.594805,5,0.291775,0.30303,0.30303,0.30303
ember,50,6,0.886128,0.886128,6,0.84472,0.041408,0.041408,0.041408
ember,50,7,0.808296,0.808296,7,0.738789,0.06950699999999999,0.06950699999999999,0.06950699999999999
ember,50,8,0.908902,0.908902,8,0.829035,0.07986700000000002,0.07986700000000002,0.07986700000000002
ember,50,9,0.827449,0.827449,9,0.674732,0.152717,0.152717,0.152717
ember,50,10,0.864926,0.864926,10,0.781522,0.08340399999999992,0.08340399999999992,0.08340399999999992
ember,51,1,0.931,0.931,1,0.830807,0.10019300000000009,0.10019300000000009,0.10019300000000009
ember,51,2,0.87858,0.87858,2,0.664376,0.21420400000000006,0.21420400000000006,0.21420400000000006
ember,51,3,0.832686,0.832686,3,0.604422,0.22826400000000002,0.22826400000000002,0.22826400000000002
ember,51,4,0.932131,0.932131,4,0.906357,0.025774000000000075,0.025774000000000075,0.025774000000000075
ember,51,5,0.961836,0.961836,5,0.940691,0.02114499999999997,0.02114499999999997,0.02114499999999997
ember,51,6,0.878571,0.904762,8,0.866667,0.03809499999999999,0.03809499999999999,0.03809499999999999
ember,51,7,0.887615,0.887615,7,0.833716,0.05389900000000003,0.05389900000000003,0.05389900000000003
ember,51,8,0.750659,0.750659,8,0.608663,0.141996,0.141996,0.141996
ember,51,9,0.784902,0.784902,9,0.733195,0.05170699999999995,0.05170699999999995,0.05170699999999995
ember,51,10,0.798718,0.798718,10,0.74359,0.055128000000000066,0.055128000000000066,0.055128000000000066
az_class,42,1,0.83367,0.83367,1,0.687099,0.146571,0.146571,0.146571
az_class,42,2,0.968404,0.968404,2,0.90133,0.06707400000000008,0.06707400000000008,0.06707400000000008
az_class,42,3,0.904664,0.904664,3,0.739369,0.16529499999999997,0.16529499999999997,0.16529499999999997
az_class,42,4,0.780169,0.780169,4,0.622214,0.15795499999999996,0.15795499999999996,0.15795499999999996
az_class,42,5,0.71176,0.71176,5,0.608753,0.10300699999999996,0.10300699999999996,0.10300699999999996
az_class,42,6,0.905288,0.905288,6,0.889503,0.015784999999999938,0.015784999999999938,0.015784999999999938
az_class,42,7,0.7265,0.7265,7,0.544639,0.18186100000000005,0.18186100000000005,0.18186100000000005
az_class,42,8,0.812952,0.812952,8,0.724313,0.08863900000000002,0.08863900000000002,0.08863900000000002
az_class,42,9,0.938697,0.938697,9,0.877395,0.06130199999999997,0.06130199999999997,0.06130199999999997
az_class,42,10,0.994093,0.994093,10,0.994093,0.0,0.0,0.0
az_class,43,1,0.842185,0.842185,1,0.705047,0.13713799999999998,0.13713799999999998,0.13713799999999998
az_class,43,2,0.80557,0.80557,2,0.667848,0.137722,0.137722,0.137722
az_class,43,3,0.662139,0.662139,3,0.578947,0.08319200000000004,0.08319200000000004,0.08319200000000004
az_class,43,4,0.944948,0.944948,4,0.861324,0.08362400000000003,0.08362400000000003,0.08362400000000003
az_class,43,5,0.798742,0.798742,5,0.695178,0.10356399999999999,0.10356399999999999,0.10356399999999999
az_class,43,6,0.910628,0.913043,7,0.886473,0.026570000000000094,0.026570000000000094,0.026570000000000094
az_class,43,7,0.823142,0.823142,7,0.787624,0.03551800000000005,0.03551800000000005,0.03551800000000005
az_class,43,8,0.713087,0.713087,8,0.614933,0.09815400000000007,0.09815400000000007,0.09815400000000007
az_class,43,9,0.685575,0.685575,9,0.570502,0.11507300000000009,0.11507300000000009,0.11507300000000009
az_class,43,10,0.913043,0.913043,10,0.954348,-0.041304999999999925,-0.041304999999999925,0.0
az_class,44,1,0.85594,0.85594,1,0.721417,0.13452300000000006,0.13452300000000006,0.13452300000000006
az_class,44,2,0.902991,0.902991,2,0.734842,0.168149,0.168149,0.168149
az_class,44,3,0.949524,0.949524,3,0.811429,0.13809500000000008,0.13809500000000008,0.13809500000000008
az_class,44,4,0.976923,0.984615,7,0.969231,0.015384000000000064,0.015384000000000064,0.015384000000000064
az_class,44,5,0.772405,0.772405,5,0.678793,0.09361200000000003,0.09361200000000003,0.09361200000000003
az_class,44,6,0.935294,0.935294,6,0.911765,0.02352899999999991,0.02352899999999991,0.02352899999999991
az_class,44,7,0.742076,0.751981,8,0.719493,0.03248799999999996,0.03248799999999996,0.03248799999999996
az_class,44,8,0.412628,0.412628,8,0.347283,0.06534499999999999,0.06534499999999999,0.06534499999999999
az_class,44,9,0.885953,0.885953,9,0.845619,0.04033399999999998,0.04033399999999998,0.04033399999999998
az_class,44,10,0.726984,0.726984,10,0.688095,0.03888899999999995,0.03888899999999995,0.03888899999999995
az_class,45,1,0.864543,0.864543,1,0.722571,0.141972,0.141972,0.141972
az_class,45,2,0.911304,0.911304,2,0.824928,0.08637600000000001,0.08637600000000001,0.08637600000000001
az_class,45,3,0.938748,0.938748,3,0.87217,0.06657800000000003,0.06657800000000003,0.06657800000000003
az_class,45,4,0.924706,0.952941,5,0.941176,0.011765000000000025,0.011765000000000025,0.011765000000000025
az_class,45,5,0.779507,0.779507,5,0.629053,0.15045399999999998,0.15045399999999998,0.15045399999999998
az_class,45,6,0.789543,0.789543,6,0.674057,0.11548599999999998,0.11548599999999998,0.11548599999999998
az_class,45,7,0.987398,0.989918,8,0.977946,0.011971999999999983,0.011971999999999983,0.011971999999999983
az_class,45,8,0.670569,0.670569,8,0.574415,0.09615399999999996,0.09615399999999996,0.09615399999999996
az_class,45,9,0.427992,0.427992,9,0.380663,0.04732900000000001,0.04732900000000001,0.04732900000000001
az_class,45,10,0.74321,0.74321,10,0.652469,0.09074100000000007,0.09074100000000007,0.09074100000000007
az_class,46,1,0.837112,0.837112,1,0.707201,0.129911,0.129911,0.129911
az_class,46,2,0.729297,0.729297,2,0.520481,0.208816,0.208816,0.208816
az_class,46,3,0.952113,0.952113,3,0.901408,0.050705,0.050705,0.050705
az_class,46,4,0.849566,0.864031,5,0.803279,0.06075200000000003,0.06075200000000003,0.06075200000000003
az_class,46,5,0.86722,0.86722,5,0.762102,0.10511800000000004,0.10511800000000004,0.10511800000000004
az_class,46,6,0.850379,0.909091,8,0.839015,0.07007600000000003,0.07007600000000003,0.07007600000000003
az_class,46,7,0.713385,0.713385,7,0.606167,0.10721800000000004,0.10721800000000004,0.10721800000000004
az_class,46,8,0.911624,0.917994,9,0.915605,0.0023889999999999745,0.0023889999999999745,0.0023889999999999745
az_class,46,9,0.809821,0.809821,9,0.680816,0.12900500000000004,0.12900500000000004,0.12900500000000004
az_class,46,10,0.910145,0.910145,10,0.892754,0.017390999999999934,0.017390999999999934,0.017390999999999934
az_class,47,1,0.858247,0.858247,1,0.709544,0.14870300000000003,0.14870300000000003,0.14870300000000003
az_class,47,2,0.940072,0.940072,2,0.769675,0.17039700000000002,0.17039700000000002,0.17039700000000002
az_class,47,3,0.935659,0.935659,3,0.85814,0.077519,0.077519,0.077519
az_class,47,4,0.698378,0.698378,4,0.59292,0.10545800000000005,0.10545800000000005,0.10545800000000005
az_class,47,5,0.827141,0.827141,5,0.747173,0.07996800000000004,0.07996800000000004,0.07996800000000004
az_class,47,6,0.715092,0.715092,6,0.533145,0.18194699999999997,0.18194699999999997,0.18194699999999997
az_class,47,7,0.937898,0.937898,7,0.818471,0.11942700000000006,0.11942700000000006,0.11942700000000006
az_class,47,8,0.728854,0.728854,8,0.624506,0.104348,0.104348,0.104348
az_class,47,9,0.795357,0.795357,9,0.753224,0.042132999999999976,0.042132999999999976,0.042132999999999976
az_class,47,10,0.665037,0.665037,10,0.628362,0.03667500000000001,0.03667500000000001,0.03667500000000001
az_class,48,1,0.835603,0.835603,1,0.694981,0.14062200000000002,0.14062200000000002,0.14062200000000002
az_class,48,2,0.67437,0.67437,2,0.471639,0.20273100000000005,0.20273100000000005,0.20273100000000005
az_class,48,3,0.948407,0.948407,3,0.875569,0.07283799999999996,0.07283799999999996,0.07283799999999996
az_class,48,4,0.841738,0.852599,5,0.785105,0.06749399999999994,0.06749399999999994,0.06749399999999994
az_class,48,5,0.871674,0.871674,5,0.841941,0.0297329999999999,0.0297329999999999,0.0297329999999999
az_class,48,6,0.846336,0.851064,8,0.79669,0.05437400000000003,0.05437400000000003,0.05437400000000003
az_class,48,7,0.823741,0.823741,7,0.719424,0.104317,0.104317,0.104317
az_class,48,8,0.546305,0.588177,9,0.544335,0.04384199999999994,0.04384199999999994,0.04384199999999994
az_class,48,9,0.802974,0.802974,9,0.783922,0.019051999999999958,0.019051999999999958,0.019051999999999958
az_class,48,10,0.910188,0.910188,10,0.899464,0.010723999999999956,0.010723999999999956,0.010723999999999956
az_class,49,1,0.86105,0.86105,1,0.722726,0.138324,0.138324,0.138324
az_class,49,2,0.856642,0.856642,2,0.701885,0.15475700000000003,0.15475700000000003,0.15475700000000003
az_class,49,3,0.655118,0.667717,10,0.573228,0.09448900000000005,0.09448900000000005,0.09448900000000005
az_class,49,4,0.902273,0.918182,6,0.914773,0.0034090000000001064,0.0034090000000001064,0.0034090000000001064
az_class,49,5,0.762712,0.762712,5,0.576271,0.18644099999999997,0.18644099999999997,0.18644099999999997
az_class,49,6,0.905983,0.905983,6,0.696193,0.20979000000000003,0.20979000000000003,0.20979000000000003
az_class,49,7,0.82202,0.82202,7,0.724746,0.09727399999999997,0.09727399999999997,0.09727399999999997
az_class,49,8,0.879587,0.879587,8,0.753823,0.125764,0.125764,0.125764
az_class,49,9,0.649889,0.649889,9,0.58573,0.06415900000000008,0.06415900000000008,0.06415900000000008
az_class,49,10,0.608536,0.608536,10,0.629139,-0.020603000000000038,-0.020603000000000038,0.0
az_class,50,1,0.891905,0.891905,1,0.785753,0.10615199999999991,0.10615199999999991,0.10615199999999991
az_class,50,2,0.672455,0.672455,2,0.581689,0.09076600000000001,0.09076600000000001,0.09076600000000001
az_class,50,3,0.789777,0.789777,3,0.649388,0.14038899999999999,0.14038899999999999,0.14038899999999999
az_class,50,4,0.936054,0.936054,4,0.739951,0.19610300000000003,0.19610300000000003,0.19610300000000003
az_class,50,5,0.949907,0.949907,5,0.935065,0.01484199999999991,0.01484199999999991,0.01484199999999991
az_class,50,6,0.740991,0.740991,6,0.614865,0.12612599999999996,0.12612599999999996,0.12612599999999996
az_class,50,7,0.82716,0.851852,8,0.842593,0.009259000000000017,0.009259000000000017,0.009259000000000017
az_class,50,8,0.68166,0.68166,8,0.593918,0.0877420000000001,0.0877420000000001,0.0877420000000001
az_class,50,9,0.658571,0.658571,9,0.682857,-0.02428600000000003,-0.02428600000000003,0.0
az_class,50,10,0.719187,0.719187,10,0.566709,0.152478,0.152478,0.152478
az_class,51,1,0.806686,0.806686,1,0.677471,0.12921499999999997,0.12921499999999997,0.12921499999999997
az_class,51,2,0.829822,0.829822,2,0.485413,0.34440899999999997,0.34440899999999997,0.34440899999999997
az_class,51,3,0.949645,0.949645,3,0.894326,0.05531900000000001,0.05531900000000001,0.05531900000000001
az_class,51,4,0.963519,0.963519,4,0.946352,0.017167000000000043,0.017167000000000043,0.017167000000000043
az_class,51,5,0.852596,0.852596,5,0.70268,0.14991600000000005,0.14991600000000005,0.14991600000000005
az_class,51,6,0.856526,0.856526,6,0.736246,0.12028000000000005,0.12028000000000005,0.12028000000000005
az_class,51,7,0.72,0.786885,8,0.628197,0.15868799999999994,0.15868799999999994,0.15868799999999994
az_class,51,8,0.842784,0.842784,8,0.746134,0.09665000000000001,0.09665000000000001,0.09665000000000001
az_class,51,9,0.71511,0.71511,9,0.637985,0.077125,0.077125,0.077125
az_class,51,10,0.902481,0.902481,10,0.875107,0.02737400000000001,0.02737400000000001,0.02737400000000001
