canonical_run_id,dataset,seed,variant,K,source_provenance,fidelity,source_path,result_path,result_sha256,task_matrix_sha256,runner_family,environment,class_order_protocol,class_order_evidence
anchor_only__az_class__seed_42,az_class,42,anchor_only,200,NEW_STANDARD_A_T4,NEW_V15_5_STANDARD_A_EXECUTION,paper_ready/AHR_MalCL_V15_5_STANDARD_A_RESULTS/AHR_MalCL_V15_5_STANDARD_A/runs/anchor_only/az_class/seed_42,paper_ready/AHR_MalCL_V15_5_STANDARD_A_RESULTS/AHR_MalCL_V15_5_STANDARD_A/runs/anchor_only/az_class/seed_42/full-result.json,d7d97b89e1a4c49c2937291e53e42f49fbf21d93ab04ee9ad1dee0fa34361e71,900914dff721096aec7ef0dfbb059bc41026c733ac8af42d995891e2e6531e8b,V15.5 Standard-A execution runner,Tesla T4 | Python 3.12.13 | PyTorch 2.11.0+cu128 | CUDA 12.8,numpy.random.RandomState(seed).permutation(100),EXACT_VECTOR_MATCH
anchor_only__az_class__seed_43,az_class,43,anchor_only,200,NEW_STANDARD_A_T4,NEW_V15_5_STANDARD_A_EXECUTION,paper_ready/AHR_MalCL_V15_5_STANDARD_A_RESULTS/AHR_MalCL_V15_5_STANDARD_A/runs/anchor_only/az_class/seed_43,paper_ready/AHR_MalCL_V15_5_STANDARD_A_RESULTS/AHR_MalCL_V15_5_STANDARD_A/runs/anchor_only/az_class/seed_43/full-result.json,a85b51bdcd62b5035c1fc9185e45605fe38a2fac176a9b37bc7de6c0c3181305,d559295493a4332fcbc2b63cf7f60ddf260ca69cc47b4b2e9cdb9502b51ea167,V15.5 Standard-A execution runner,Tesla T4 | Python 3.12.13 | PyTorch 2.11.0+cu128 | CUDA 12.8,numpy.random.RandomState(seed).permutation(100),EXACT_VECTOR_MATCH
anchor_only__az_class__seed_44,az_class,44,anchor_only,200,NEW_STANDARD_A_T4,NEW_V15_5_STANDARD_A_EXECUTION,paper_ready/AHR_MalCL_V15_5_STANDARD_A_RESULTS/AHR_MalCL_V15_5_STANDARD_A/runs/anchor_only/az_class/seed_44,paper_ready/AHR_MalCL_V15_5_STANDARD_A_RESULTS/AHR_MalCL_V15_5_STANDARD_A/runs/anchor_only/az_class/seed_44/full-result.json,1322571124b92c4848a7776ca22da3c6446956ffd42769a9db83acb30ced691d,0b49e9cab28fb8f607b1ce886f05e2b46809540ee186e3056e5d8f70e6fd6065,V15.5 Standard-A execution runner,Tesla T4 | Python 3.12.13 | PyTorch 2.11.0+cu128 | CUDA 12.8,numpy.random.RandomState(seed).permutation(100),EXACT_VECTOR_MATCH
anchor_only__az_class__seed_45,az_class,45,anchor_only,200,NEW_STANDARD_A_T4,NEW_V15_5_STANDARD_A_EXECUTION,paper_ready/AHR_MalCL_V15_5_STANDARD_A_RESULTS/AHR_MalCL_V15_5_STANDARD_A/runs/anchor_only/az_class/seed_45,paper_ready/AHR_MalCL_V15_5_STANDARD_A_RESULTS/AHR_MalCL_V15_5_STANDARD_A/runs/anchor_only/az_class/seed_45/full-result.json,3d265968a837764e492ce4e020cfaa0e70ca7be51fe202f7cdbea065c7dbd46c,fff6443db4c592526d3f64ecc90780d17e52ea3492bdbac2def402f9f366adb5,V15.5 Standard-A execution runner,Tesla T4 | Python 3.12.13 | PyTorch 2.11.0+cu128 | CUDA 12.8,numpy.random.RandomState(seed).permutation(100),EXACT_VECTOR_MATCH
anchor_only__az_class__seed_46,az_class,46,anchor_only,200,NEW_STANDARD_A_T4,NEW_V15_5_STANDARD_A_EXECUTION,paper_ready/AHR_MalCL_V15_5_STANDARD_A_RESULTS/AHR_MalCL_V15_5_STANDARD_A/runs/anchor_only/az_class/seed_46,paper_ready/AHR_MalCL_V15_5_STANDARD_A_RESULTS/AHR_MalCL_V15_5_STANDARD_A/runs/anchor_only/az_class/seed_46/full-result.json,fe68902ce5d65edaed377a728757012eb31d6c444e28b0ee02b9060e8fe15c5c,13c67017e6a1acc75a6b9d5c5cf28a5189ee30d865f86ab87c8daf49a20e9cc9,V15.5 Standard-A execution runner,Tesla T4 | Python 3.12.13 | PyTorch 2.11.0+cu128 | CUDA 12.8,numpy.random.RandomState(seed).permutation(100),EXACT_VECTOR_MATCH
anchor_only__az_class__seed_47,az_class,47,anchor_only,200,NEW_STANDARD_A_T4,NEW_V15_5_STANDARD_A_EXECUTION,paper_ready/AHR_MalCL_V15_5_STANDARD_A_RESULTS/AHR_MalCL_V15_5_STANDARD_A/runs/anchor_only/az_class/seed_47,paper_ready/AHR_MalCL_V15_5_STANDARD_A_RESULTS/AHR_MalCL_V15_5_STANDARD_A/runs/anchor_only/az_class/seed_47/full-result.json,16c5f0aa9a9aa6923331c75aac32a21b106bac1f166ae97f0bb8f4309d270cb3,197e7d665b1e845384a9ee444a118d8ed3183517add6fee54262c33a58dd79b0,V15.5 Standard-A execution runner,Tesla T4 | Python 3.12.13 | PyTorch 2.11.0+cu128 | CUDA 12.8,numpy.random.RandomState(seed).permutation(100),EXACT_VECTOR_MATCH
anchor_only__az_class__seed_48,az_class,48,anchor_only,200,NEW_STANDARD_A_T4,NEW_V15_5_STANDARD_A_EXECUTION,paper_ready/AHR_MalCL_V15_5_STANDARD_A_RESULTS/AHR_MalCL_V15_5_STANDARD_A/runs/anchor_only/az_class/seed_48,paper_ready/AHR_MalCL_V15_5_STANDARD_A_RESULTS/AHR_MalCL_V15_5_STANDARD_A/runs/anchor_only/az_class/seed_48/full-result.json,329193731d741306cc7d96af5208b0f4b5b197bfb9db40a7bb5bffa75e49ff0c,50aae4471f223a0cff97b6414dc7471de7eb8959d970b8415c475031f53f5eb7,V15.5 Standard-A execution runner,Tesla T4 | Python 3.12.13 | PyTorch 2.11.0+cu128 | CUDA 12.8,numpy.random.RandomState(seed).permutation(100),EXACT_VECTOR_MATCH
anchor_only__az_class__seed_49,az_class,49,anchor_only,200,NEW_STANDARD_A_T4,NEW_V15_5_STANDARD_A_EXECUTION,paper_ready/AHR_MalCL_V15_5_STANDARD_A_RESULTS/AHR_MalCL_V15_5_STANDARD_A/runs/anchor_only/az_class/seed_49,paper_ready/AHR_MalCL_V15_5_STANDARD_A_RESULTS/AHR_MalCL_V15_5_STANDARD_A/runs/anchor_only/az_class/seed_49/full-result.json,b94c3e619c9ef67777945eed208b44a52173fed59e92d4090b800dca7c8a7acd,966cc9c88ce5b3105849213bc6145548cbbeac4acb99effa575d5a4dc2a4db5f,V15.5 Standard-A execution runner,Tesla T4 | Python 3.12.13 | PyTorch 2.11.0+cu128 | CUDA 12.8,numpy.random.RandomState(seed).permutation(100),EXACT_VECTOR_MATCH
anchor_only__az_class__seed_50,az_class,50,anchor_only,200,NEW_STANDARD_A_T4,NEW_V15_5_STANDARD_A_EXECUTION,paper_ready/AHR_MalCL_V15_5_STANDARD_A_RESULTS/AHR_MalCL_V15_5_STANDARD_A/runs/anchor_only/az_class/seed_50,paper_ready/AHR_MalCL_V15_5_STANDARD_A_RESULTS/AHR_MalCL_V15_5_STANDARD_A/runs/anchor_only/az_class/seed_50/full-result.json,e5b484ee53e0ea6739681db8a6d62c477c83fc4668fcae5576a42e92888d1d2b,fe92fe202f55232d94740bf41cdf62e48f4b1518a2968ef3b5bdcb108112a10e,V15.5 Standard-A execution runner,Tesla T4 | Python 3.12.13 | PyTorch 2.11.0+cu128 | CUDA 12.8,numpy.random.RandomState(seed).permutation(100),EXACT_VECTOR_MATCH
anchor_only__az_class__seed_51,az_class,51,anchor_only,200,NEW_STANDARD_A_T4,NEW_V15_5_STANDARD_A_EXECUTION,paper_ready/AHR_MalCL_V15_5_STANDARD_A_RESULTS/AHR_MalCL_V15_5_STANDARD_A/runs/anchor_only/az_class/seed_51,paper_ready/AHR_MalCL_V15_5_STANDARD_A_RESULTS/AHR_MalCL_V15_5_STANDARD_A/runs/anchor_only/az_class/seed_51/full-result.json,291cc7f2e825736a4f9122f55c0f521f5bc6efa66e9b791476dedb6deb6a46a5,be8bfed1d2097e1dd8d4a07319aac00f3816b9b17968bd17dd3a9df2813f4d0c,V15.5 Standard-A execution runner,Tesla T4 | Python 3.12.13 | PyTorch 2.11.0+cu128 | CUDA 12.8,numpy.random.RandomState(seed).permutation(100),EXACT_VECTOR_MATCH
U00290,az_class,42,current_only,NA,HISTORICAL_REUSED,COMPATIBLE_WITH_RECONSTRUCTED_EVIDENCE,result/final-run/AZ-Class/ablation/classifier_real_only/ahr_malcl_v15_1_final_ablation_critic5_az_k100_classifier_real_only_results.json#run[0],result/final-run/AZ-Class/ablation/classifier_real_only/ahr_malcl_v15_1_final_ablation_critic5_az_k100_classifier_real_only_results.json,2b1860fea24aca43d2397084d862f2b73cf0f42cd0d4919dc770c147b68dcc2b,129631cc10c1e2963b663a230eb767ec45337bcf98593bbc5a90b2160167b23e,Preserved historical V15.5 runner,not fully serialized in reusable aggregate/raw evidence,numpy.random.RandomState(seed).permutation(100),INFERRED_FROM_SEEDED_PROTOCOL
U00133,az_class,43,current_only,NA,HISTORICAL_REUSED,COMPATIBLE_WITH_RECONSTRUCTED_EVIDENCE,result/final-run/AZ-Class/ablation/classifier_real_only/ahr_malcl_v15_1_final_ablation_critic5_az_k100_classifier_real_only_results.json#run[1],result/final-run/AZ-Class/ablation/classifier_real_only/ahr_malcl_v15_1_final_ablation_critic5_az_k100_classifier_real_only_results.json,2b1860fea24aca43d2397084d862f2b73cf0f42cd0d4919dc770c147b68dcc2b,e51ee7cbdce905c35a22cd56355f5fb832e6b823ec58ea1805e059f7ff03869e,Preserved historical V15.5 runner,not fully serialized in reusable aggregate/raw evidence,numpy.random.RandomState(seed).permutation(100),INFERRED_FROM_SEEDED_PROTOCOL
U00252,az_class,44,current_only,NA,HISTORICAL_REUSED,COMPATIBLE_WITH_RECONSTRUCTED_EVIDENCE,result/final-run/AZ-Class/ablation/classifier_real_only/ahr_malcl_v15_1_final_ablation_critic5_az_k100_classifier_real_only_results.json#run[2],result/final-run/AZ-Class/ablation/classifier_real_only/ahr_malcl_v15_1_final_ablation_critic5_az_k100_classifier_real_only_results.json,2b1860fea24aca43d2397084d862f2b73cf0f42cd0d4919dc770c147b68dcc2b,c682988dff64c22b1636843b9147df936940e8286f445bcc432a9f3b70d7e700,Preserved historical V15.5 runner,not fully serialized in reusable aggregate/raw evidence,numpy.random.RandomState(seed).permutation(100),INFERRED_FROM_SEEDED_PROTOCOL
U00110,az_class,45,current_only,NA,HISTORICAL_REUSED,COMPATIBLE_WITH_RECONSTRUCTED_EVIDENCE,result/final-run/AZ-Class/ablation/classifier_real_only/ahr_malcl_v15_1_final_ablation_critic5_az_k100_classifier_real_only_results.json#run[3],result/final-run/AZ-Class/ablation/classifier_real_only/ahr_malcl_v15_1_final_ablation_critic5_az_k100_classifier_real_only_results.json,2b1860fea24aca43d2397084d862f2b73cf0f42cd0d4919dc770c147b68dcc2b,f3f81e8c9b92b9d1523b0587c7bb070b931b9bbe3e0f4ad580059d23bd807da5,Preserved historical V15.5 runner,not fully serialized in reusable aggregate/raw evidence,numpy.random.RandomState(seed).permutation(100),INFERRED_FROM_SEEDED_PROTOCOL
U00202,az_class,46,current_only,NA,HISTORICAL_REUSED,COMPATIBLE_WITH_RECONSTRUCTED_EVIDENCE,result/final-run/AZ-Class/ablation/classifier_real_only/ahr_malcl_v15_1_final_ablation_critic5_az_k100_classifier_real_only_results.json#run[4],result/final-run/AZ-Class/ablation/classifier_real_only/ahr_malcl_v15_1_final_ablation_critic5_az_k100_classifier_real_only_results.json,2b1860fea24aca43d2397084d862f2b73cf0f42cd0d4919dc770c147b68dcc2b,5012946e0d749fb9abf8b67372219a2494cc0862e2d633246f94b20832fb7446,Preserved historical V15.5 runner,not fully serialized in reusable aggregate/raw evidence,numpy.random.RandomState(seed).permutation(100),INFERRED_FROM_SEEDED_PROTOCOL
current_only__az_class__seed_47,az_class,47,current_only,NA,NEW_STANDARD_A_T4,NEW_V15_5_STANDARD_A_EXECUTION,paper_ready/AHR_MalCL_V15_5_STANDARD_A_RESULTS/AHR_MalCL_V15_5_STANDARD_A/runs/current_only/az_class/seed_47,paper_ready/AHR_MalCL_V15_5_STANDARD_A_RESULTS/AHR_MalCL_V15_5_STANDARD_A/runs/current_only/az_class/seed_47/full-result.json,4f32817a44f01b050ecf00bd79670fe7cf223c3c624c15e5ccf41b6fda2e0aff,5e145b1485e43ea3f9453463050f7021be79ff5f96799773334a507a2179954a,V15.5 Standard-A execution runner,Tesla T4 | Python 3.12.13 | PyTorch 2.11.0+cu128 | CUDA 12.8,numpy.random.RandomState(seed).permutation(100),EXACT_VECTOR_MATCH
current_only__az_class__seed_48,az_class,48,current_only,NA,NEW_STANDARD_A_T4,NEW_V15_5_STANDARD_A_EXECUTION,paper_ready/AHR_MalCL_V15_5_STANDARD_A_RESULTS/AHR_MalCL_V15_5_STANDARD_A/runs/current_only/az_class/seed_48,paper_ready/AHR_MalCL_V15_5_STANDARD_A_RESULTS/AHR_MalCL_V15_5_STANDARD_A/runs/current_only/az_class/seed_48/full-result.json,e0ad61460ad046a8d28f51226ccaacf9468f2d6e6226facbc5c34b2c24665dfe,869dd12c337e8ad3617be9bc93b531d4e30e1314366e911ccc27cc31b81fa634,V15.5 Standard-A execution runner,Tesla T4 | Python 3.12.13 | PyTorch 2.11.0+cu128 | CUDA 12.8,numpy.random.RandomState(seed).permutation(100),EXACT_VECTOR_MATCH
current_only__az_class__seed_49,az_class,49,current_only,NA,NEW_STANDARD_A_T4,NEW_V15_5_STANDARD_A_EXECUTION,paper_ready/AHR_MalCL_V15_5_STANDARD_A_RESULTS/AHR_MalCL_V15_5_STANDARD_A/runs/current_only/az_class/seed_49,paper_ready/AHR_MalCL_V15_5_STANDARD_A_RESULTS/AHR_MalCL_V15_5_STANDARD_A/runs/current_only/az_class/seed_49/full-result.json,614be4ff3c3dfdf70b3f30e0dd2ffd7f9013b42556066520f940db1648b37e40,0ff0fbd8bda6e8a77d7a615f8d9b2d2165895c1b579c2b9881755fb6c4dc0d7b,V15.5 Standard-A execution runner,Tesla T4 | Python 3.12.13 | PyTorch 2.11.0+cu128 | CUDA 12.8,numpy.random.RandomState(seed).permutation(100),EXACT_VECTOR_MATCH
current_only__az_class__seed_50,az_class,50,current_only,NA,NEW_STANDARD_A_T4,NEW_V15_5_STANDARD_A_EXECUTION,paper_ready/AHR_MalCL_V15_5_STANDARD_A_RESULTS/AHR_MalCL_V15_5_STANDARD_A/runs/current_only/az_class/seed_50,paper_ready/AHR_MalCL_V15_5_STANDARD_A_RESULTS/AHR_MalCL_V15_5_STANDARD_A/runs/current_only/az_class/seed_50/full-result.json,10ceae9d04c4e6e6ab31a484d8fa6e4fd709b09860ced6a54fd38000ec482e6f,bd605e4b2f2c3bb95674ac8ec94a91abff6c46b1a9cad45aff4f1e457342de39,V15.5 Standard-A execution runner,Tesla T4 | Python 3.12.13 | PyTorch 2.11.0+cu128 | CUDA 12.8,numpy.random.RandomState(seed).permutation(100),EXACT_VECTOR_MATCH
current_only__az_class__seed_51,az_class,51,current_only,NA,NEW_STANDARD_A_T4,NEW_V15_5_STANDARD_A_EXECUTION,paper_ready/AHR_MalCL_V15_5_STANDARD_A_RESULTS/AHR_MalCL_V15_5_STANDARD_A/runs/current_only/az_class/seed_51,paper_ready/AHR_MalCL_V15_5_STANDARD_A_RESULTS/AHR_MalCL_V15_5_STANDARD_A/runs/current_only/az_class/seed_51/full-result.json,e9c37e48bb5ae51602a280ba35fa74a6f59c06630307479112e5d4d7369aebef,ee10f2a91aec9c03efa7f004c70ef19352d8663233384797b53588761c76c811,V15.5 Standard-A execution runner,Tesla T4 | Python 3.12.13 | PyTorch 2.11.0+cu128 | CUDA 12.8,numpy.random.RandomState(seed).permutation(100),EXACT_VECTOR_MATCH
U00243,az_class,42,full_hybrid,200,HISTORICAL_REUSED,EXACTLY_COMPATIBLE,paper_ready/AHR_MalCL_HR_reproducibility_release_v15_5/historical_outputs/anchored_hr/az_class/seed_42,paper_ready/AHR_MalCL_HR_reproducibility_release_v15_5/historical_outputs/anchored_hr/az_class/seed_42/full-result.json,fbec63f32d9a3e7159bc33d6847bdcefaeea9fa88ac3faf337440d4075fa78e4,a4b0ceab441abd0f0be8ead9709e1fc8de743a8a987794ca21e1e4a9667ca859,Preserved historical V15.5 runner,not fully serialized in reusable aggregate/raw evidence,numpy.random.RandomState(seed).permutation(100),INFERRED_FROM_SEEDED_PROTOCOL
U00363,az_class,43,full_hybrid,200,HISTORICAL_REUSED,EXACTLY_COMPATIBLE,paper_ready/AHR_MalCL_HR_reproducibility_release_v15_5/historical_outputs/anchored_hr/az_class/seed_43,paper_ready/AHR_MalCL_HR_reproducibility_release_v15_5/historical_outputs/anchored_hr/az_class/seed_43/full-result.json,94d9c595b253dc079d43a804df29b968388e32998027bb21fd8d315ed5053d93,3951841f9afc38ee7fa5185ebd57cede77fc313b44a6e5041b99776a35c5ea36,Preserved historical V15.5 runner,not fully serialized in reusable aggregate/raw evidence,numpy.random.RandomState(seed).permutation(100),INFERRED_FROM_SEEDED_PROTOCOL
U00017,az_class,44,full_hybrid,200,HISTORICAL_REUSED,EXACTLY_COMPATIBLE,paper_ready/AHR_MalCL_HR_reproducibility_release_v15_5/historical_outputs/anchored_hr/az_class/seed_44,paper_ready/AHR_MalCL_HR_reproducibility_release_v15_5/historical_outputs/anchored_hr/az_class/seed_44/full-result.json,87b5c162b66a9f15978ae23161cbf0a71aa3ec48972e6c618da63fb0cf956fdf,c1a84ab9351a305a5ebbf37321778de5c2c19ce741855d6f5438acfdd88d48d6,Preserved historical V15.5 runner,not fully serialized in reusable aggregate/raw evidence,numpy.random.RandomState(seed).permutation(100),INFERRED_FROM_SEEDED_PROTOCOL
U00334,az_class,45,full_hybrid,200,HISTORICAL_REUSED,EXACTLY_COMPATIBLE,paper_ready/AHR_MalCL_HR_reproducibility_release_v15_5/historical_outputs/anchored_hr/az_class/seed_45,paper_ready/AHR_MalCL_HR_reproducibility_release_v15_5/historical_outputs/anchored_hr/az_class/seed_45/full-result.json,59c9d3f635de0ea7ac70fad9065db8abc3719875c50d0838b62f6be0bb0cf031,cd147e8dc7f9c0891851f7cfe3fcb524f0d28ebe633655c549da3a8bbd0fcb0d,Preserved historical V15.5 runner,not fully serialized in reusable aggregate/raw evidence,numpy.random.RandomState(seed).permutation(100),INFERRED_FROM_SEEDED_PROTOCOL
U00093,az_class,46,full_hybrid,200,HISTORICAL_REUSED,EXACTLY_COMPATIBLE,paper_ready/AHR_MalCL_HR_reproducibility_release_v15_5/historical_outputs/anchored_hr/az_class/seed_46,paper_ready/AHR_MalCL_HR_reproducibility_release_v15_5/historical_outputs/anchored_hr/az_class/seed_46/full-result.json,777575f00383bf01f97fbdb77b0ea36c9e6af9f71f13560be6b51e9feb989617,19f258ce5228047dba2b5d3121cb913bf5c594460a011fdaf1dab73edfd32c53,Preserved historical V15.5 runner,not fully serialized in reusable aggregate/raw evidence,numpy.random.RandomState(seed).permutation(100),INFERRED_FROM_SEEDED_PROTOCOL
U00380,az_class,47,full_hybrid,200,HISTORICAL_REUSED,EXACTLY_COMPATIBLE,paper_ready/AHR_MalCL_HR_reproducibility_release_v15_5/historical_outputs/anchored_hr/az_class/seed_47,paper_ready/AHR_MalCL_HR_reproducibility_release_v15_5/historical_outputs/anchored_hr/az_class/seed_47/full-result.json,93814b6d3a388f5efd3d5e9a8316cdda370fba61cf4b81cee4e4b05f122a3e4e,99187e822c5718441a2234f1dc9e72880d63956d9102afc583a035817b5e7034,Preserved historical V15.5 runner,not fully serialized in reusable aggregate/raw evidence,numpy.random.RandomState(seed).permutation(100),INFERRED_FROM_SEEDED_PROTOCOL
U00036,az_class,48,full_hybrid,200,HISTORICAL_REUSED,EXACTLY_COMPATIBLE,paper_ready/AHR_MalCL_HR_reproducibility_release_v15_5/historical_outputs/anchored_hr/az_class/seed_48,paper_ready/AHR_MalCL_HR_reproducibility_release_v15_5/historical_outputs/anchored_hr/az_class/seed_48/full-result.json,dd70f8cba28374e5a000c9ce4dec876dd1a0a19b134457de0abbd773b7f388fe,68089ff49d739bfbd54b497447fa75b413fef74fc25b9fa1f2fc76789d794503,Preserved historical V15.5 runner,not fully serialized in reusable aggregate/raw evidence,numpy.random.RandomState(seed).permutation(100),INFERRED_FROM_SEEDED_PROTOCOL
U00354,az_class,49,full_hybrid,200,HISTORICAL_REUSED,EXACTLY_COMPATIBLE,paper_ready/AHR_MalCL_HR_reproducibility_release_v15_5/historical_outputs/anchored_hr/az_class/seed_49,paper_ready/AHR_MalCL_HR_reproducibility_release_v15_5/historical_outputs/anchored_hr/az_class/seed_49/full-result.json,a7a6f0655c38cfa6ef522a6154bec70a2e8f7d1a7ca6404d3d9a6541c18f468a,0214719c94e37dfbc220a0f6e328a34660850f14cb79d7cba38533f6f31e29b1,Preserved historical V15.5 runner,not fully serialized in reusable aggregate/raw evidence,numpy.random.RandomState(seed).permutation(100),INFERRED_FROM_SEEDED_PROTOCOL
U00359,az_class,50,full_hybrid,200,HISTORICAL_REUSED,EXACTLY_COMPATIBLE,paper_ready/AHR_MalCL_HR_reproducibility_release_v15_5/historical_outputs/anchored_hr/az_class/seed_50,paper_ready/AHR_MalCL_HR_reproducibility_release_v15_5/historical_outputs/anchored_hr/az_class/seed_50/full-result.json,d34b859d3d48e1f99335c51f28fd0240ff3baeeeea51cbbe13c362843dbe5981,e33cb77121a01d33a26ca167be8bb3ac14de26427809ec32248ad2dc5aa376d6,Preserved historical V15.5 runner,not fully serialized in reusable aggregate/raw evidence,numpy.random.RandomState(seed).permutation(100),INFERRED_FROM_SEEDED_PROTOCOL
U00070,az_class,51,full_hybrid,200,HISTORICAL_REUSED,EXACTLY_COMPATIBLE,paper_ready/AHR_MalCL_HR_reproducibility_release_v15_5/historical_outputs/anchored_hr/az_class/seed_51,paper_ready/AHR_MalCL_HR_reproducibility_release_v15_5/historical_outputs/anchored_hr/az_class/seed_51/full-result.json,f3262618a4d412b7bbcc28bbdf240d6d5331247d848ed6e734fb1a9160424ab2,22ceb207e03092b5506ad1ff9fafa44f0639884297c1a941329be8d731d1e196,Preserved historical V15.5 runner,not fully serialized in reusable aggregate/raw evidence,numpy.random.RandomState(seed).permutation(100),INFERRED_FROM_SEEDED_PROTOCOL
U00131,az_class,42,generated_only,100,HISTORICAL_REUSED,COMPATIBLE_WITH_RECONSTRUCTED_EVIDENCE,result/final-run/AZ-Class/ablation/wgan_projection_generated_only/ahr_malcl_v15_1_final_ablation_critic5_az_k100_wgan_projection_generated_only_results.json#run[0],result/final-run/AZ-Class/ablation/wgan_projection_generated_only/ahr_malcl_v15_1_final_ablation_critic5_az_k100_wgan_projection_generated_only_results.json,0356dc6979b27a5a2415943576a755c4f88da714333570c8fea2028f63294e51,f4055481b6199c0daf26f482b3f512a3b393d47889925d4ab6396923941ea6cd,Preserved historical V15.5 runner,not fully serialized in reusable aggregate/raw evidence,numpy.random.RandomState(seed).permutation(100),INFERRED_FROM_SEEDED_PROTOCOL
U00193,az_class,43,generated_only,100,HISTORICAL_REUSED,COMPATIBLE_WITH_RECONSTRUCTED_EVIDENCE,result/final-run/AZ-Class/ablation/wgan_projection_generated_only/ahr_malcl_v15_1_final_ablation_critic5_az_k100_wgan_projection_generated_only_results.json#run[1],result/final-run/AZ-Class/ablation/wgan_projection_generated_only/ahr_malcl_v15_1_final_ablation_critic5_az_k100_wgan_projection_generated_only_results.json,0356dc6979b27a5a2415943576a755c4f88da714333570c8fea2028f63294e51,58ceb7aec40581c8c72487328f3488ea5be113fd8a17d8860c22675f3e2be209,Preserved historical V15.5 runner,not fully serialized in reusable aggregate/raw evidence,numpy.random.RandomState(seed).permutation(100),INFERRED_FROM_SEEDED_PROTOCOL
U00039,az_class,44,generated_only,100,HISTORICAL_REUSED,COMPATIBLE_WITH_RECONSTRUCTED_EVIDENCE,result/final-run/AZ-Class/ablation/wgan_projection_generated_only/ahr_malcl_v15_1_final_ablation_critic5_az_k100_wgan_projection_generated_only_results.json#run[2],result/final-run/AZ-Class/ablation/wgan_projection_generated_only/ahr_malcl_v15_1_final_ablation_critic5_az_k100_wgan_projection_generated_only_results.json,0356dc6979b27a5a2415943576a755c4f88da714333570c8fea2028f63294e51,788d4c129d8cb65c0d82e4b2dc9116b0aa3e0147d465263e9e29353bd057e89a,Preserved historical V15.5 runner,not fully serialized in reusable aggregate/raw evidence,numpy.random.RandomState(seed).permutation(100),INFERRED_FROM_SEEDED_PROTOCOL
U00378,az_class,45,generated_only,100,HISTORICAL_REUSED,COMPATIBLE_WITH_RECONSTRUCTED_EVIDENCE,result/final-run/AZ-Class/ablation/wgan_projection_generated_only/ahr_malcl_v15_1_final_ablation_critic5_az_k100_wgan_projection_generated_only_results.json#run[3],result/final-run/AZ-Class/ablation/wgan_projection_generated_only/ahr_malcl_v15_1_final_ablation_critic5_az_k100_wgan_projection_generated_only_results.json,0356dc6979b27a5a2415943576a755c4f88da714333570c8fea2028f63294e51,77abf5d236b040268cf63def32e5dd4edf969ea872c64e8a711de7b4ce8d269b,Preserved historical V15.5 runner,not fully serialized in reusable aggregate/raw evidence,numpy.random.RandomState(seed).permutation(100),INFERRED_FROM_SEEDED_PROTOCOL
U00179,az_class,46,generated_only,100,HISTORICAL_REUSED,COMPATIBLE_WITH_RECONSTRUCTED_EVIDENCE,result/final-run/AZ-Class/ablation/wgan_projection_generated_only/ahr_malcl_v15_1_final_ablation_critic5_az_k100_wgan_projection_generated_only_results.json#run[4],result/final-run/AZ-Class/ablation/wgan_projection_generated_only/ahr_malcl_v15_1_final_ablation_critic5_az_k100_wgan_projection_generated_only_results.json,0356dc6979b27a5a2415943576a755c4f88da714333570c8fea2028f63294e51,a443e226d05792ac6bf6029eff2afca519ccd77f7b9370a43882d68462be47cb,Preserved historical V15.5 runner,not fully serialized in reusable aggregate/raw evidence,numpy.random.RandomState(seed).permutation(100),INFERRED_FROM_SEEDED_PROTOCOL
generated_only__az_class__seed_47,az_class,47,generated_only,100,NEW_STANDARD_A_T4,NEW_V15_5_STANDARD_A_EXECUTION,paper_ready/AHR_MalCL_V15_5_STANDARD_A_RESULTS/AHR_MalCL_V15_5_STANDARD_A/runs/generated_only/az_class/seed_47,paper_ready/AHR_MalCL_V15_5_STANDARD_A_RESULTS/AHR_MalCL_V15_5_STANDARD_A/runs/generated_only/az_class/seed_47/full-result.json,4d16314583cf31d35ac455eb44f16ea6488e764394d18ea8805c4f59a7b6f21b,f50b6c6e3a7212457ef8919b193627feca7c768a84dabd86da4b4a0f4462f97a,V15.5 Standard-A execution runner,Tesla T4 | Python 3.12.13 | PyTorch 2.11.0+cu128 | CUDA 12.8,numpy.random.RandomState(seed).permutation(100),EXACT_VECTOR_MATCH
generated_only__az_class__seed_48,az_class,48,generated_only,100,NEW_STANDARD_A_T4,NEW_V15_5_STANDARD_A_EXECUTION,paper_ready/AHR_MalCL_V15_5_STANDARD_A_RESULTS/AHR_MalCL_V15_5_STANDARD_A/runs/generated_only/az_class/seed_48,paper_ready/AHR_MalCL_V15_5_STANDARD_A_RESULTS/AHR_MalCL_V15_5_STANDARD_A/runs/generated_only/az_class/seed_48/full-result.json,cba72dfce1dd719b4094122a3356c85ae7c0242cb62439827408026e61603a61,8a125ec061b4caff30776e6abbcd97338531ea79ee18f48ad53760d3594c4738,V15.5 Standard-A execution runner,Tesla T4 | Python 3.12.13 | PyTorch 2.11.0+cu128 | CUDA 12.8,numpy.random.RandomState(seed).permutation(100),EXACT_VECTOR_MATCH
generated_only__az_class__seed_49,az_class,49,generated_only,100,NEW_STANDARD_A_T4,NEW_V15_5_STANDARD_A_EXECUTION,paper_ready/AHR_MalCL_V15_5_STANDARD_A_RESULTS/AHR_MalCL_V15_5_STANDARD_A/runs/generated_only/az_class/seed_49,paper_ready/AHR_MalCL_V15_5_STANDARD_A_RESULTS/AHR_MalCL_V15_5_STANDARD_A/runs/generated_only/az_class/seed_49/full-result.json,6e86c730460b838fd754d1abfee74579bb869447029c5dabfe83223d6e0fbe3d,e19695358c3f2897cd7aea77de6c6688dc5b4a5a872e4e31c8b3cf1e38731de6,V15.5 Standard-A execution runner,Tesla T4 | Python 3.12.13 | PyTorch 2.11.0+cu128 | CUDA 12.8,numpy.random.RandomState(seed).permutation(100),EXACT_VECTOR_MATCH
generated_only__az_class__seed_50,az_class,50,generated_only,100,NEW_STANDARD_A_T4,NEW_V15_5_STANDARD_A_EXECUTION,paper_ready/AHR_MalCL_V15_5_STANDARD_A_RESULTS/AHR_MalCL_V15_5_STANDARD_A/runs/generated_only/az_class/seed_50,paper_ready/AHR_MalCL_V15_5_STANDARD_A_RESULTS/AHR_MalCL_V15_5_STANDARD_A/runs/generated_only/az_class/seed_50/full-result.json,75f582dea26a672e4d27cf4b5e7e9630c77d3e1adb447102505e549adf3a3471,3bd1f61a5ff41702aa00265a93610be4721e170bb1b07ff0f74fa1ba4f9f6e21,V15.5 Standard-A execution runner,Tesla T4 | Python 3.12.13 | PyTorch 2.11.0+cu128 | CUDA 12.8,numpy.random.RandomState(seed).permutation(100),EXACT_VECTOR_MATCH
generated_only__az_class__seed_51,az_class,51,generated_only,100,NEW_STANDARD_A_T4,NEW_V15_5_STANDARD_A_EXECUTION,paper_ready/AHR_MalCL_V15_5_STANDARD_A_RESULTS/AHR_MalCL_V15_5_STANDARD_A/runs/generated_only/az_class/seed_51,paper_ready/AHR_MalCL_V15_5_STANDARD_A_RESULTS/AHR_MalCL_V15_5_STANDARD_A/runs/generated_only/az_class/seed_51/full-result.json,3f886f226f3af208a392f4a2d741f5302e83e49928ee8176865b429abb18c1c5,5384b8c9e321ec50fef441780b9ef5d852cb4e9baf1ee8eca8b7fa950c303eeb,V15.5 Standard-A execution runner,Tesla T4 | Python 3.12.13 | PyTorch 2.11.0+cu128 | CUDA 12.8,numpy.random.RandomState(seed).permutation(100),EXACT_VECTOR_MATCH
anchor_only__ember__seed_42,ember,42,anchor_only,100,NEW_STANDARD_A_T4,NEW_V15_5_STANDARD_A_EXECUTION,paper_ready/AHR_MalCL_V15_5_STANDARD_A_RESULTS/AHR_MalCL_V15_5_STANDARD_A/runs/anchor_only/ember/seed_42,paper_ready/AHR_MalCL_V15_5_STANDARD_A_RESULTS/AHR_MalCL_V15_5_STANDARD_A/runs/anchor_only/ember/seed_42/full-result.json,dc7b99a159f8465ace2d66576545ae41cb24e05c627198d677145ea64484f0e2,839bcee23a098a2c8d3f290803963e1243b202ed5b57931f230e5ab5a5999a26,V15.5 Standard-A execution runner,Tesla T4 | Python 3.12.13 | PyTorch 2.11.0+cu128 | CUDA 12.8,numpy.random.RandomState(seed).permutation(100),EXACT_VECTOR_MATCH
anchor_only__ember__seed_43,ember,43,anchor_only,100,NEW_STANDARD_A_T4,NEW_V15_5_STANDARD_A_EXECUTION,paper_ready/AHR_MalCL_V15_5_STANDARD_A_RESULTS/AHR_MalCL_V15_5_STANDARD_A/runs/anchor_only/ember/seed_43,paper_ready/AHR_MalCL_V15_5_STANDARD_A_RESULTS/AHR_MalCL_V15_5_STANDARD_A/runs/anchor_only/ember/seed_43/full-result.json,79e85f830d81a6a3c61cb4c604e3d94efda87b7b5f05ca46082344e91d8fe33b,0fc9f3ecbe36b3efea1e732663496c3e625717a4b71195a5ebbcd5df439a0b23,V15.5 Standard-A execution runner,Tesla T4 | Python 3.12.13 | PyTorch 2.11.0+cu128 | CUDA 12.8,numpy.random.RandomState(seed).permutation(100),EXACT_VECTOR_MATCH
anchor_only__ember__seed_44,ember,44,anchor_only,100,NEW_STANDARD_A_T4,NEW_V15_5_STANDARD_A_EXECUTION,paper_ready/AHR_MalCL_V15_5_STANDARD_A_RESULTS/AHR_MalCL_V15_5_STANDARD_A/runs/anchor_only/ember/seed_44,paper_ready/AHR_MalCL_V15_5_STANDARD_A_RESULTS/AHR_MalCL_V15_5_STANDARD_A/runs/anchor_only/ember/seed_44/full-result.json,7433673842924e3aaf0c5c7c74431c26bef468fc2fbe113ffc48d7c527658b82,7978c5d61508f663ee8a07dbd123a3d9f5ac18063efa90ac21889c4898c3e446,V15.5 Standard-A execution runner,Tesla T4 | Python 3.12.13 | PyTorch 2.11.0+cu128 | CUDA 12.8,numpy.random.RandomState(seed).permutation(100),EXACT_VECTOR_MATCH
anchor_only__ember__seed_45,ember,45,anchor_only,100,NEW_STANDARD_A_T4,NEW_V15_5_STANDARD_A_EXECUTION,paper_ready/AHR_MalCL_V15_5_STANDARD_A_RESULTS/AHR_MalCL_V15_5_STANDARD_A/runs/anchor_only/ember/seed_45,paper_ready/AHR_MalCL_V15_5_STANDARD_A_RESULTS/AHR_MalCL_V15_5_STANDARD_A/runs/anchor_only/ember/seed_45/full-result.json,7ad8670335bffa48fdfc7a93fab16a799e4ef65c70ce40c9b0676e8bbea938a9,8362e0a2645ca490c8c6b36cb08add83514eab52e1a2cc2377a07b9e50bf7e89,V15.5 Standard-A execution runner,Tesla T4 | Python 3.12.13 | PyTorch 2.11.0+cu128 | CUDA 12.8,numpy.random.RandomState(seed).permutation(100),EXACT_VECTOR_MATCH
anchor_only__ember__seed_46,ember,46,anchor_only,100,NEW_STANDARD_A_T4,NEW_V15_5_STANDARD_A_EXECUTION,paper_ready/AHR_MalCL_V15_5_STANDARD_A_RESULTS/AHR_MalCL_V15_5_STANDARD_A/runs/anchor_only/ember/seed_46,paper_ready/AHR_MalCL_V15_5_STANDARD_A_RESULTS/AHR_MalCL_V15_5_STANDARD_A/runs/anchor_only/ember/seed_46/full-result.json,48670a1d37a92391bcc7f80c89647ea83eb7393e60da73e6627c421aec144ebe,1aeb11ac0d1b5e41f64d8c3e7a788201cb5338cfb0c9e03fbe7283496554271f,V15.5 Standard-A execution runner,Tesla T4 | Python 3.12.13 | PyTorch 2.11.0+cu128 | CUDA 12.8,numpy.random.RandomState(seed).permutation(100),EXACT_VECTOR_MATCH
anchor_only__ember__seed_47,ember,47,anchor_only,100,NEW_STANDARD_A_T4,NEW_V15_5_STANDARD_A_EXECUTION,paper_ready/AHR_MalCL_V15_5_STANDARD_A_RESULTS/AHR_MalCL_V15_5_STANDARD_A/runs/anchor_only/ember/seed_47,paper_ready/AHR_MalCL_V15_5_STANDARD_A_RESULTS/AHR_MalCL_V15_5_STANDARD_A/runs/anchor_only/ember/seed_47/full-result.json,feaee2c6b85298b1362c957827b98f58c31aba495e698e086efebaa7f7cc5aba,d3e4aed31617d1f3008ff78d41313dd20ff8c3386b912e9210dbd3c9d61708f1,V15.5 Standard-A execution runner,Tesla T4 | Python 3.12.13 | PyTorch 2.11.0+cu128 | CUDA 12.8,numpy.random.RandomState(seed).permutation(100),EXACT_VECTOR_MATCH
anchor_only__ember__seed_48,ember,48,anchor_only,100,NEW_STANDARD_A_T4,NEW_V15_5_STANDARD_A_EXECUTION,paper_ready/AHR_MalCL_V15_5_STANDARD_A_RESULTS/AHR_MalCL_V15_5_STANDARD_A/runs/anchor_only/ember/seed_48,paper_ready/AHR_MalCL_V15_5_STANDARD_A_RESULTS/AHR_MalCL_V15_5_STANDARD_A/runs/anchor_only/ember/seed_48/full-result.json,21f54d5fa5a3b8383e03ada72c6238163126a95f923a23d42affdb4ecd7e8e6b,07b1985eb2047a97021ca3e0b239e45629a0246be1770c045527c37823d7e605,V15.5 Standard-A execution runner,Tesla T4 | Python 3.12.13 | PyTorch 2.11.0+cu128 | CUDA 12.8,numpy.random.RandomState(seed).permutation(100),EXACT_VECTOR_MATCH
anchor_only__ember__seed_49,ember,49,anchor_only,100,NEW_STANDARD_A_T4,NEW_V15_5_STANDARD_A_EXECUTION,paper_ready/AHR_MalCL_V15_5_STANDARD_A_RESULTS/AHR_MalCL_V15_5_STANDARD_A/runs/anchor_only/ember/seed_49,paper_ready/AHR_MalCL_V15_5_STANDARD_A_RESULTS/AHR_MalCL_V15_5_STANDARD_A/runs/anchor_only/ember/seed_49/full-result.json,ce258e3abfd09deaabd9cd3af8a686c59f1cca9eea16abdeb89bb4e298a07a99,04efb97bf164626b5a871de1b6755d628b37b7287738dce91ccc8c567e56183b,V15.5 Standard-A execution runner,Tesla T4 | Python 3.12.13 | PyTorch 2.11.0+cu128 | CUDA 12.8,numpy.random.RandomState(seed).permutation(100),EXACT_VECTOR_MATCH
anchor_only__ember__seed_50,ember,50,anchor_only,100,NEW_STANDARD_A_T4,NEW_V15_5_STANDARD_A_EXECUTION,paper_ready/AHR_MalCL_V15_5_STANDARD_A_RESULTS/AHR_MalCL_V15_5_STANDARD_A/runs/anchor_only/ember/seed_50,paper_ready/AHR_MalCL_V15_5_STANDARD_A_RESULTS/AHR_MalCL_V15_5_STANDARD_A/runs/anchor_only/ember/seed_50/full-result.json,5bada853d24e5774291074bee4963a407e1c86588611703dfbbf3d17c74e33d4,98215a805c8c348836b578ae0e36194dd7a2540d8b7e6819c9a2ebd0e1ab3f08,V15.5 Standard-A execution runner,Tesla T4 | Python 3.12.13 | PyTorch 2.11.0+cu128 | CUDA 12.8,numpy.random.RandomState(seed).permutation(100),EXACT_VECTOR_MATCH
anchor_only__ember__seed_51,ember,51,anchor_only,100,NEW_STANDARD_A_T4,NEW_V15_5_STANDARD_A_EXECUTION,paper_ready/AHR_MalCL_V15_5_STANDARD_A_RESULTS/AHR_MalCL_V15_5_STANDARD_A/runs/anchor_only/ember/seed_51,paper_ready/AHR_MalCL_V15_5_STANDARD_A_RESULTS/AHR_MalCL_V15_5_STANDARD_A/runs/anchor_only/ember/seed_51/full-result.json,e799ce76af266d48ee81eb7d42816637c714581306925985f6f3e0e6ae772041,04a10d2f860e5f0ac1a0672ecd63147a3c48b8c8888dbccf1ce746b68988c7db,V15.5 Standard-A execution runner,Tesla T4 | Python 3.12.13 | PyTorch 2.11.0+cu128 | CUDA 12.8,numpy.random.RandomState(seed).permutation(100),EXACT_VECTOR_MATCH
U00281,ember,42,current_only,NA,HISTORICAL_REUSED,COMPATIBLE_WITH_RECONSTRUCTED_EVIDENCE,result/final-run/EMBER/ablations/classifier real only /ahr_malcl_v15_1_ablation_critic5_classifier_real_only_results.json#run[0],result/final-run/EMBER/ablations/classifier real only /ahr_malcl_v15_1_ablation_critic5_classifier_real_only_results.json,3a423e3f6721b6a17ba3981fee94a3ebc10eba414279a05eab307e9f8d8d92b3,49a13c6480bda61ebe5f086329692318631fee8503e796eba67b90ccb75986ef,Preserved historical V15.5 runner,not fully serialized in reusable aggregate/raw evidence,numpy.random.RandomState(seed).permutation(100),INFERRED_FROM_SEEDED_PROTOCOL
U00304,ember,43,current_only,NA,HISTORICAL_REUSED,COMPATIBLE_WITH_RECONSTRUCTED_EVIDENCE,result/final-run/EMBER/ablations/classifier real only /ahr_malcl_v15_1_ablation_critic5_classifier_real_only_results.json#run[1],result/final-run/EMBER/ablations/classifier real only /ahr_malcl_v15_1_ablation_critic5_classifier_real_only_results.json,3a423e3f6721b6a17ba3981fee94a3ebc10eba414279a05eab307e9f8d8d92b3,8ca9dd19d865ed877ee98f5c8a7b6cb7766a63e4945fb4f16bc0be563028fe9c,Preserved historical V15.5 runner,not fully serialized in reusable aggregate/raw evidence,numpy.random.RandomState(seed).permutation(100),INFERRED_FROM_SEEDED_PROTOCOL
U00084,ember,44,current_only,NA,HISTORICAL_REUSED,COMPATIBLE_WITH_RECONSTRUCTED_EVIDENCE,result/final-run/EMBER/ablations/classifier real only /ahr_malcl_v15_1_ablation_critic5_classifier_real_only_results.json#run[2],result/final-run/EMBER/ablations/classifier real only /ahr_malcl_v15_1_ablation_critic5_classifier_real_only_results.json,3a423e3f6721b6a17ba3981fee94a3ebc10eba414279a05eab307e9f8d8d92b3,b4e0d36c8e05006d15176d2250e7d1b90899a0b89c79a819696a2942ba2058e8,Preserved historical V15.5 runner,not fully serialized in reusable aggregate/raw evidence,numpy.random.RandomState(seed).permutation(100),INFERRED_FROM_SEEDED_PROTOCOL
U00120,ember,45,current_only,NA,HISTORICAL_REUSED,COMPATIBLE_WITH_RECONSTRUCTED_EVIDENCE,result/final-run/EMBER/ablations/classifier real only /ahr_malcl_v15_1_ablation_critic5_classifier_real_only_results.json#run[3],result/final-run/EMBER/ablations/classifier real only /ahr_malcl_v15_1_ablation_critic5_classifier_real_only_results.json,3a423e3f6721b6a17ba3981fee94a3ebc10eba414279a05eab307e9f8d8d92b3,ca5fa8c46fa99fd401cbdc315882d0f8a1f4fc13c8affd6d6e897fb6ee2d86b1,Preserved historical V15.5 runner,not fully serialized in reusable aggregate/raw evidence,numpy.random.RandomState(seed).permutation(100),INFERRED_FROM_SEEDED_PROTOCOL
U00035,ember,46,current_only,NA,HISTORICAL_REUSED,COMPATIBLE_WITH_RECONSTRUCTED_EVIDENCE,result/final-run/EMBER/ablations/classifier real only /ahr_malcl_v15_1_ablation_critic5_classifier_real_only_results.json#run[4],result/final-run/EMBER/ablations/classifier real only /ahr_malcl_v15_1_ablation_critic5_classifier_real_only_results.json,3a423e3f6721b6a17ba3981fee94a3ebc10eba414279a05eab307e9f8d8d92b3,2658c5d21ecf6c9ae87bdb99c5d1837f647ec752e47e83ab7416f700a6dbc781,Preserved historical V15.5 runner,not fully serialized in reusable aggregate/raw evidence,numpy.random.RandomState(seed).permutation(100),INFERRED_FROM_SEEDED_PROTOCOL
current_only__ember__seed_47,ember,47,current_only,NA,NEW_STANDARD_A_T4,NEW_V15_5_STANDARD_A_EXECUTION,paper_ready/AHR_MalCL_V15_5_STANDARD_A_RESULTS/AHR_MalCL_V15_5_STANDARD_A/runs/current_only/ember/seed_47,paper_ready/AHR_MalCL_V15_5_STANDARD_A_RESULTS/AHR_MalCL_V15_5_STANDARD_A/runs/current_only/ember/seed_47/full-result.json,5c86ea2109c0eb2afc204309a35f60467e583e46b94799b17abca998d8f3a8d4,3b316decc16d40d3ae136d295f8f947db242ad82661a4ca3b38d85fdfd75cde1,V15.5 Standard-A execution runner,Tesla T4 | Python 3.12.13 | PyTorch 2.11.0+cu128 | CUDA 12.8,numpy.random.RandomState(seed).permutation(100),EXACT_VECTOR_MATCH
current_only__ember__seed_48,ember,48,current_only,NA,NEW_STANDARD_A_T4,NEW_V15_5_STANDARD_A_EXECUTION,paper_ready/AHR_MalCL_V15_5_STANDARD_A_RESULTS/AHR_MalCL_V15_5_STANDARD_A/runs/current_only/ember/seed_48,paper_ready/AHR_MalCL_V15_5_STANDARD_A_RESULTS/AHR_MalCL_V15_5_STANDARD_A/runs/current_only/ember/seed_48/full-result.json,384e99024866083194ab9ce5b24f17797b01365f94f0acb81a59ebe2f392f75e,39cc7cc3d55818dacf81c19a250eeaa45d08ddfe8948a6e9a35fd076db74c3ad,V15.5 Standard-A execution runner,Tesla T4 | Python 3.12.13 | PyTorch 2.11.0+cu128 | CUDA 12.8,numpy.random.RandomState(seed).permutation(100),EXACT_VECTOR_MATCH
current_only__ember__seed_49,ember,49,current_only,NA,NEW_STANDARD_A_T4,NEW_V15_5_STANDARD_A_EXECUTION,paper_ready/AHR_MalCL_V15_5_STANDARD_A_RESULTS/AHR_MalCL_V15_5_STANDARD_A/runs/current_only/ember/seed_49,paper_ready/AHR_MalCL_V15_5_STANDARD_A_RESULTS/AHR_MalCL_V15_5_STANDARD_A/runs/current_only/ember/seed_49/full-result.json,1629ed0804651e667755b921b8bb424d2a9d9e3f606b82750553d697d632b125,06d2e5498aeee776c21d5c9341f82d1cd9ea25adc071214d0fad3864015ed14e,V15.5 Standard-A execution runner,Tesla T4 | Python 3.12.13 | PyTorch 2.11.0+cu128 | CUDA 12.8,numpy.random.RandomState(seed).permutation(100),EXACT_VECTOR_MATCH
current_only__ember__seed_50,ember,50,current_only,NA,NEW_STANDARD_A_T4,NEW_V15_5_STANDARD_A_EXECUTION,paper_ready/AHR_MalCL_V15_5_STANDARD_A_RESULTS/AHR_MalCL_V15_5_STANDARD_A/runs/current_only/ember/seed_50,paper_ready/AHR_MalCL_V15_5_STANDARD_A_RESULTS/AHR_MalCL_V15_5_STANDARD_A/runs/current_only/ember/seed_50/full-result.json,7ebedafdc1b918bc70acf16ae811bc5d9272babffdb7eb80cc05399e038c1a27,c88a8ecc6a7d7ccc49ce9a343525ea2f229957698930602f133f3f3949c8f4f4,V15.5 Standard-A execution runner,Tesla T4 | Python 3.12.13 | PyTorch 2.11.0+cu128 | CUDA 12.8,numpy.random.RandomState(seed).permutation(100),EXACT_VECTOR_MATCH
current_only__ember__seed_51,ember,51,current_only,NA,NEW_STANDARD_A_T4,NEW_V15_5_STANDARD_A_EXECUTION,paper_ready/AHR_MalCL_V15_5_STANDARD_A_RESULTS/AHR_MalCL_V15_5_STANDARD_A/runs/current_only/ember/seed_51,paper_ready/AHR_MalCL_V15_5_STANDARD_A_RESULTS/AHR_MalCL_V15_5_STANDARD_A/runs/current_only/ember/seed_51/full-result.json,268ba5965deca3b3f782b7fc284bf13dd9c36edce48bdee143323e5d040d0e61,78cd82539eee30d37f24862907dfb7f7e12c8f45aec57ee6e37b85ac7b1787e2,V15.5 Standard-A execution runner,Tesla T4 | Python 3.12.13 | PyTorch 2.11.0+cu128 | CUDA 12.8,numpy.random.RandomState(seed).permutation(100),EXACT_VECTOR_MATCH
U00020,ember,42,full_hybrid,100,HISTORICAL_REUSED,EXACTLY_COMPATIBLE,paper_ready/AHR_MalCL_HR_reproducibility_release_v15_5/historical_outputs/anchored_hr/ember/seed_42,paper_ready/AHR_MalCL_HR_reproducibility_release_v15_5/historical_outputs/anchored_hr/ember/seed_42/full-result.json,16666bb9654878a6160edcfd1891dd7de83dec7ad917b8810882d44d0740ce03,fa00ad80382581b5e76e55ea21e34fd7b447fffef7fe75172326601813065d08,Preserved historical V15.5 runner,not fully serialized in reusable aggregate/raw evidence,numpy.random.RandomState(seed).permutation(100),INFERRED_FROM_SEEDED_PROTOCOL
U00207,ember,43,full_hybrid,100,HISTORICAL_REUSED,EXACTLY_COMPATIBLE,paper_ready/AHR_MalCL_HR_reproducibility_release_v15_5/historical_outputs/anchored_hr/ember/seed_43,paper_ready/AHR_MalCL_HR_reproducibility_release_v15_5/historical_outputs/anchored_hr/ember/seed_43/full-result.json,423652ebd5a1119e5fbab37e88b1edfc34f375907896579dd8995e540db13abe,513165bddd6022af7b3f22ab06bbf7680a376cbd019d97e265816e069889041b,Preserved historical V15.5 runner,not fully serialized in reusable aggregate/raw evidence,numpy.random.RandomState(seed).permutation(100),INFERRED_FROM_SEEDED_PROTOCOL
U00318,ember,44,full_hybrid,100,HISTORICAL_REUSED,EXACTLY_COMPATIBLE,paper_ready/AHR_MalCL_HR_reproducibility_release_v15_5/historical_outputs/anchored_hr/ember/seed_44,paper_ready/AHR_MalCL_HR_reproducibility_release_v15_5/historical_outputs/anchored_hr/ember/seed_44/full-result.json,018672639db6f07999f6f275523688d48eb145a0d65e46341f837a6cf1938388,987446cba5a7ef34abeeeb1d67f54e38ff093b83dc533a469a61a286ab1cf68c,Preserved historical V15.5 runner,not fully serialized in reusable aggregate/raw evidence,numpy.random.RandomState(seed).permutation(100),INFERRED_FROM_SEEDED_PROTOCOL
U00282,ember,45,full_hybrid,100,HISTORICAL_REUSED,EXACTLY_COMPATIBLE,paper_ready/AHR_MalCL_HR_reproducibility_release_v15_5/historical_outputs/anchored_hr/ember/seed_45,paper_ready/AHR_MalCL_HR_reproducibility_release_v15_5/historical_outputs/anchored_hr/ember/seed_45/full-result.json,fbbd386d0b6b2fc1b9e495b47d2fb9d808267c2a67746f58944257ca435e524f,9f3d28d65a8e27c69df5978362446aa4de85c5c8f70d613adec2b5a504762ea8,Preserved historical V15.5 runner,not fully serialized in reusable aggregate/raw evidence,numpy.random.RandomState(seed).permutation(100),INFERRED_FROM_SEEDED_PROTOCOL
U00250,ember,46,full_hybrid,100,HISTORICAL_REUSED,EXACTLY_COMPATIBLE,paper_ready/AHR_MalCL_HR_reproducibility_release_v15_5/historical_outputs/anchored_hr/ember/seed_46,paper_ready/AHR_MalCL_HR_reproducibility_release_v15_5/historical_outputs/anchored_hr/ember/seed_46/full-result.json,9ea71a5d33b1e984a0bbbdcfd03b24b428cbbedaa381546ae4ac6fdab257558f,64d9e18be9118bd3765f354a0c80de59af5f04881fd8c599f711af401219c225,Preserved historical V15.5 runner,not fully serialized in reusable aggregate/raw evidence,numpy.random.RandomState(seed).permutation(100),INFERRED_FROM_SEEDED_PROTOCOL
U00043,ember,47,full_hybrid,100,HISTORICAL_REUSED,EXACTLY_COMPATIBLE,paper_ready/AHR_MalCL_HR_reproducibility_release_v15_5/historical_outputs/anchored_hr/ember/seed_47,paper_ready/AHR_MalCL_HR_reproducibility_release_v15_5/historical_outputs/anchored_hr/ember/seed_47/full-result.json,8f8277db43fbb70d8b03b4bd2b847fbdffffd193a7b50964b30671b472174f48,0afb37f58da034662b9a3bcbcce08655e89276b3f6521c6532f81142b4ec056b,Preserved historical V15.5 runner,not fully serialized in reusable aggregate/raw evidence,numpy.random.RandomState(seed).permutation(100),INFERRED_FROM_SEEDED_PROTOCOL
U00171,ember,48,full_hybrid,100,HISTORICAL_REUSED,EXACTLY_COMPATIBLE,paper_ready/AHR_MalCL_HR_reproducibility_release_v15_5/historical_outputs/anchored_hr/ember/seed_48,paper_ready/AHR_MalCL_HR_reproducibility_release_v15_5/historical_outputs/anchored_hr/ember/seed_48/full-result.json,9d6fedcfa7c2017da382169dd96b857146522b12cac59a3427f80527dff22acd,4bca432d42525c0d300d222f18397764000c5b74cc0ed629b10868dc5bca9a5d,Preserved historical V15.5 runner,not fully serialized in reusable aggregate/raw evidence,numpy.random.RandomState(seed).permutation(100),INFERRED_FROM_SEEDED_PROTOCOL
U00387,ember,49,full_hybrid,100,HISTORICAL_REUSED,EXACTLY_COMPATIBLE,paper_ready/AHR_MalCL_HR_reproducibility_release_v15_5/historical_outputs/anchored_hr/ember/seed_49,paper_ready/AHR_MalCL_HR_reproducibility_release_v15_5/historical_outputs/anchored_hr/ember/seed_49/full-result.json,f86fab224069096a88ffa50fc6b9361ea0ea5f2bf408826199d38df702301b2c,37804083f7be96ca0f2854981cbf941976b6f36965f02ed85b6f596a3ba16f1f,Preserved historical V15.5 runner,not fully serialized in reusable aggregate/raw evidence,numpy.random.RandomState(seed).permutation(100),INFERRED_FROM_SEEDED_PROTOCOL
U00094,ember,50,full_hybrid,100,HISTORICAL_REUSED,EXACTLY_COMPATIBLE,paper_ready/AHR_MalCL_HR_reproducibility_release_v15_5/historical_outputs/anchored_hr/ember/seed_50,paper_ready/AHR_MalCL_HR_reproducibility_release_v15_5/historical_outputs/anchored_hr/ember/seed_50/full-result.json,e93ac1d65fdebbd055d469186c2de75aad8b7179d96501f8ae817aca30487e38,f364e95fade370404376f8c6cb8a7ae779be4e1d783eeffa5b92eb96b6673f3e,Preserved historical V15.5 runner,not fully serialized in reusable aggregate/raw evidence,numpy.random.RandomState(seed).permutation(100),INFERRED_FROM_SEEDED_PROTOCOL
U00295,ember,51,full_hybrid,100,HISTORICAL_REUSED,EXACTLY_COMPATIBLE,paper_ready/AHR_MalCL_HR_reproducibility_release_v15_5/historical_outputs/anchored_hr/ember/seed_51,paper_ready/AHR_MalCL_HR_reproducibility_release_v15_5/historical_outputs/anchored_hr/ember/seed_51/full-result.json,9fcc4591fb22758d0622d3a8659c818e8dcad175b2a719b0c6427bab56825077,12578ac529e1cc5a3f184697ac98e38ce76f372f0ec3da21db98f8195f8bdca4,Preserved historical V15.5 runner,not fully serialized in reusable aggregate/raw evidence,numpy.random.RandomState(seed).permutation(100),INFERRED_FROM_SEEDED_PROTOCOL
U00271,ember,42,generated_only,100,HISTORICAL_REUSED,COMPATIBLE_WITH_RECONSTRUCTED_EVIDENCE,result/final-run/EMBER/ablations/wgan-projection-generated-only/ahr_malcl_v15_1_ablation_critic5_wgan_projection_generated_only_results.json#run[0],result/final-run/EMBER/ablations/wgan-projection-generated-only/ahr_malcl_v15_1_ablation_critic5_wgan_projection_generated_only_results.json,8cdce15bedfb5d2aefabb560c1addd265936d9a80362f6b9875689ffedf6934e,987e79a5bd13404bb4cac93d4a2d6399465727b57206d096335a4e7cb33cdc01,Preserved historical V15.5 runner,not fully serialized in reusable aggregate/raw evidence,numpy.random.RandomState(seed).permutation(100),INFERRED_FROM_SEEDED_PROTOCOL
U00169,ember,43,generated_only,100,HISTORICAL_REUSED,COMPATIBLE_WITH_RECONSTRUCTED_EVIDENCE,result/final-run/EMBER/ablations/wgan-projection-generated-only/ahr_malcl_v15_1_ablation_critic5_wgan_projection_generated_only_results.json#run[1],result/final-run/EMBER/ablations/wgan-projection-generated-only/ahr_malcl_v15_1_ablation_critic5_wgan_projection_generated_only_results.json,8cdce15bedfb5d2aefabb560c1addd265936d9a80362f6b9875689ffedf6934e,946d319331802c1fb775877ec19f8eafcf7e7ee930f939e155104c4c06bddd01,Preserved historical V15.5 runner,not fully serialized in reusable aggregate/raw evidence,numpy.random.RandomState(seed).permutation(100),INFERRED_FROM_SEEDED_PROTOCOL
U00124,ember,44,generated_only,100,HISTORICAL_REUSED,COMPATIBLE_WITH_RECONSTRUCTED_EVIDENCE,result/final-run/EMBER/ablations/wgan-projection-generated-only/ahr_malcl_v15_1_ablation_critic5_wgan_projection_generated_only_results.json#run[2],result/final-run/EMBER/ablations/wgan-projection-generated-only/ahr_malcl_v15_1_ablation_critic5_wgan_projection_generated_only_results.json,8cdce15bedfb5d2aefabb560c1addd265936d9a80362f6b9875689ffedf6934e,b1b0e8afd3cd666f8fe60edd9539f3e28e48f6142142abb71207631537687de0,Preserved historical V15.5 runner,not fully serialized in reusable aggregate/raw evidence,numpy.random.RandomState(seed).permutation(100),INFERRED_FROM_SEEDED_PROTOCOL
U00377,ember,45,generated_only,100,HISTORICAL_REUSED,COMPATIBLE_WITH_RECONSTRUCTED_EVIDENCE,result/final-run/EMBER/ablations/wgan-projection-generated-only/ahr_malcl_v15_1_ablation_critic5_wgan_projection_generated_only_results.json#run[3],result/final-run/EMBER/ablations/wgan-projection-generated-only/ahr_malcl_v15_1_ablation_critic5_wgan_projection_generated_only_results.json,8cdce15bedfb5d2aefabb560c1addd265936d9a80362f6b9875689ffedf6934e,0e6c8d3ac222c0e8e3c676b40f074239adb26dae97a039737d736682c9cf9269,Preserved historical V15.5 runner,not fully serialized in reusable aggregate/raw evidence,numpy.random.RandomState(seed).permutation(100),INFERRED_FROM_SEEDED_PROTOCOL
U00184,ember,46,generated_only,100,HISTORICAL_REUSED,COMPATIBLE_WITH_RECONSTRUCTED_EVIDENCE,result/final-run/EMBER/ablations/wgan-projection-generated-only/ahr_malcl_v15_1_ablation_critic5_wgan_projection_generated_only_results.json#run[4],result/final-run/EMBER/ablations/wgan-projection-generated-only/ahr_malcl_v15_1_ablation_critic5_wgan_projection_generated_only_results.json,8cdce15bedfb5d2aefabb560c1addd265936d9a80362f6b9875689ffedf6934e,49008d4ecf927aab23f34380a631aa597338d1894dfc35a92dc89876660e31e7,Preserved historical V15.5 runner,not fully serialized in reusable aggregate/raw evidence,numpy.random.RandomState(seed).permutation(100),INFERRED_FROM_SEEDED_PROTOCOL
generated_only__ember__seed_47,ember,47,generated_only,100,NEW_STANDARD_A_T4,NEW_V15_5_STANDARD_A_EXECUTION,paper_ready/AHR_MalCL_V15_5_STANDARD_A_RESULTS/AHR_MalCL_V15_5_STANDARD_A/runs/generated_only/ember/seed_47,paper_ready/AHR_MalCL_V15_5_STANDARD_A_RESULTS/AHR_MalCL_V15_5_STANDARD_A/runs/generated_only/ember/seed_47/full-result.json,9eee0eaa98566a2a71affa4d6703b6c467366a51272fbd58415d03fa3f7e7ffd,26df21d26ffd48fe144d76a0374f43b9d7c88ddf9529bf65e8d252213ed21fc7,V15.5 Standard-A execution runner,Tesla T4 | Python 3.12.13 | PyTorch 2.11.0+cu128 | CUDA 12.8,numpy.random.RandomState(seed).permutation(100),EXACT_VECTOR_MATCH
generated_only__ember__seed_48,ember,48,generated_only,100,NEW_STANDARD_A_T4,NEW_V15_5_STANDARD_A_EXECUTION,paper_ready/AHR_MalCL_V15_5_STANDARD_A_RESULTS/AHR_MalCL_V15_5_STANDARD_A/runs/generated_only/ember/seed_48,paper_ready/AHR_MalCL_V15_5_STANDARD_A_RESULTS/AHR_MalCL_V15_5_STANDARD_A/runs/generated_only/ember/seed_48/full-result.json,dfb22910555177dc3c54f285625790ae3e6c4d331afe2481df16cceff4e59447,283546b30169a34c8450d995f69a0f83abc98f0e3a709396be11051661b62a57,V15.5 Standard-A execution runner,Tesla T4 | Python 3.12.13 | PyTorch 2.11.0+cu128 | CUDA 12.8,numpy.random.RandomState(seed).permutation(100),EXACT_VECTOR_MATCH
generated_only__ember__seed_49,ember,49,generated_only,100,NEW_STANDARD_A_T4,NEW_V15_5_STANDARD_A_EXECUTION,paper_ready/AHR_MalCL_V15_5_STANDARD_A_RESULTS/AHR_MalCL_V15_5_STANDARD_A/runs/generated_only/ember/seed_49,paper_ready/AHR_MalCL_V15_5_STANDARD_A_RESULTS/AHR_MalCL_V15_5_STANDARD_A/runs/generated_only/ember/seed_49/full-result.json,66fa488855e536109268acf444fb4ad92bf712150504427ac64a82dcf7edb5d2,4466b4fc70c405562e4779123ce38b10897760fa93b697599d5a64a49f890c9f,V15.5 Standard-A execution runner,Tesla T4 | Python 3.12.13 | PyTorch 2.11.0+cu128 | CUDA 12.8,numpy.random.RandomState(seed).permutation(100),EXACT_VECTOR_MATCH
generated_only__ember__seed_50,ember,50,generated_only,100,NEW_STANDARD_A_T4,NEW_V15_5_STANDARD_A_EXECUTION,paper_ready/AHR_MalCL_V15_5_STANDARD_A_RESULTS/AHR_MalCL_V15_5_STANDARD_A/runs/generated_only/ember/seed_50,paper_ready/AHR_MalCL_V15_5_STANDARD_A_RESULTS/AHR_MalCL_V15_5_STANDARD_A/runs/generated_only/ember/seed_50/full-result.json,48c1755596c3d3238870bfc00f97cd40c2a8416fb2da26a969ae56f30df67e45,2fdfdcda1491161abf5037d07a8402ae3b0428931a695521d3474885fe618945,V15.5 Standard-A execution runner,Tesla T4 | Python 3.12.13 | PyTorch 2.11.0+cu128 | CUDA 12.8,numpy.random.RandomState(seed).permutation(100),EXACT_VECTOR_MATCH
generated_only__ember__seed_51,ember,51,generated_only,100,NEW_STANDARD_A_T4,NEW_V15_5_STANDARD_A_EXECUTION,paper_ready/AHR_MalCL_V15_5_STANDARD_A_RESULTS/AHR_MalCL_V15_5_STANDARD_A/runs/generated_only/ember/seed_51,paper_ready/AHR_MalCL_V15_5_STANDARD_A_RESULTS/AHR_MalCL_V15_5_STANDARD_A/runs/generated_only/ember/seed_51/full-result.json,ab5f9332d6d5a01c811862d41b3d2a47f1fe17338134b744e4bfc094224f3e20,32a6b532cb0210dc274919e104952f62bdec94057d1f64d45ba40e087d27594a,V15.5 Standard-A execution runner,Tesla T4 | Python 3.12.13 | PyTorch 2.11.0+cu128 | CUDA 12.8,numpy.random.RandomState(seed).permutation(100),EXACT_VECTOR_MATCH
