artifact_id,method,dataset,seed,artifact_type,release_relative_path,original_sha256,redistributed,reason_not_redistributed,metrics_supported,notes
anchored_hr:EMBER:42:full-result,AHR-MalCL-HR (hybrid_random_buffer),EMBER,42,original_full_result_json,historical_outputs/anchored_hr/ember/seed_42/full-result.json,16666bb9654878a6160edcfd1891dd7de83dec7ad917b8810882d44d0740ce03,yes,,"raw_summary_metrics,classification_metrics,resources",Exact non-sensitive preserved output; no sample identifiers.
anchored_hr:EMBER:43:full-result,AHR-MalCL-HR (hybrid_random_buffer),EMBER,43,original_full_result_json,historical_outputs/anchored_hr/ember/seed_43/full-result.json,423652ebd5a1119e5fbab37e88b1edfc34f375907896579dd8995e540db13abe,yes,,"raw_summary_metrics,classification_metrics,resources",Exact non-sensitive preserved output; no sample identifiers.
anchored_hr:EMBER:44:full-result,AHR-MalCL-HR (hybrid_random_buffer),EMBER,44,original_full_result_json,historical_outputs/anchored_hr/ember/seed_44/full-result.json,018672639db6f07999f6f275523688d48eb145a0d65e46341f837a6cf1938388,yes,,"raw_summary_metrics,classification_metrics,resources",Exact non-sensitive preserved output; no sample identifiers.
anchored_hr:EMBER:45:full-result,AHR-MalCL-HR (hybrid_random_buffer),EMBER,45,original_full_result_json,historical_outputs/anchored_hr/ember/seed_45/full-result.json,fbbd386d0b6b2fc1b9e495b47d2fb9d808267c2a67746f58944257ca435e524f,yes,,"raw_summary_metrics,classification_metrics,resources",Exact non-sensitive preserved output; no sample identifiers.
anchored_hr:EMBER:46:full-result,AHR-MalCL-HR (hybrid_random_buffer),EMBER,46,original_full_result_json,historical_outputs/anchored_hr/ember/seed_46/full-result.json,9ea71a5d33b1e984a0bbbdcfd03b24b428cbbedaa381546ae4ac6fdab257558f,yes,,"raw_summary_metrics,classification_metrics,resources",Exact non-sensitive preserved output; no sample identifiers.
anchored_hr:EMBER:47:full-result,AHR-MalCL-HR (hybrid_random_buffer),EMBER,47,original_full_result_json,historical_outputs/anchored_hr/ember/seed_47/full-result.json,8f8277db43fbb70d8b03b4bd2b847fbdffffd193a7b50964b30671b472174f48,yes,,"raw_summary_metrics,classification_metrics,resources",Exact non-sensitive preserved output; no sample identifiers.
anchored_hr:EMBER:48:full-result,AHR-MalCL-HR (hybrid_random_buffer),EMBER,48,original_full_result_json,historical_outputs/anchored_hr/ember/seed_48/full-result.json,9d6fedcfa7c2017da382169dd96b857146522b12cac59a3427f80527dff22acd,yes,,"raw_summary_metrics,classification_metrics,resources",Exact non-sensitive preserved output; no sample identifiers.
anchored_hr:EMBER:49:full-result,AHR-MalCL-HR (hybrid_random_buffer),EMBER,49,original_full_result_json,historical_outputs/anchored_hr/ember/seed_49/full-result.json,f86fab224069096a88ffa50fc6b9361ea0ea5f2bf408826199d38df702301b2c,yes,,"raw_summary_metrics,classification_metrics,resources",Exact non-sensitive preserved output; no sample identifiers.
anchored_hr:EMBER:50:full-result,AHR-MalCL-HR (hybrid_random_buffer),EMBER,50,original_full_result_json,historical_outputs/anchored_hr/ember/seed_50/full-result.json,e93ac1d65fdebbd055d469186c2de75aad8b7179d96501f8ae817aca30487e38,yes,,"raw_summary_metrics,classification_metrics,resources",Exact non-sensitive preserved output; no sample identifiers.
anchored_hr:EMBER:51:full-result,AHR-MalCL-HR (hybrid_random_buffer),EMBER,51,original_full_result_json,historical_outputs/anchored_hr/ember/seed_51/full-result.json,9fcc4591fb22758d0622d3a8659c818e8dcad175b2a719b0c6427bab56825077,yes,,"raw_summary_metrics,classification_metrics,resources",Exact non-sensitive preserved output; no sample identifiers.
anchored_hr:AZ-Class:42:full-result,AHR-MalCL-HR (hybrid_random_buffer),AZ-Class,42,original_full_result_json,historical_outputs/anchored_hr/az_class/seed_42/full-result.json,fbec63f32d9a3e7159bc33d6847bdcefaeea9fa88ac3faf337440d4075fa78e4,yes,,"raw_summary_metrics,classification_metrics,resources",Exact non-sensitive preserved output; no sample identifiers.
anchored_hr:AZ-Class:43:full-result,AHR-MalCL-HR (hybrid_random_buffer),AZ-Class,43,original_full_result_json,historical_outputs/anchored_hr/az_class/seed_43/full-result.json,94d9c595b253dc079d43a804df29b968388e32998027bb21fd8d315ed5053d93,yes,,"raw_summary_metrics,classification_metrics,resources",Exact non-sensitive preserved output; no sample identifiers.
anchored_hr:AZ-Class:44:full-result,AHR-MalCL-HR (hybrid_random_buffer),AZ-Class,44,original_full_result_json,historical_outputs/anchored_hr/az_class/seed_44/full-result.json,87b5c162b66a9f15978ae23161cbf0a71aa3ec48972e6c618da63fb0cf956fdf,yes,,"raw_summary_metrics,classification_metrics,resources",Exact non-sensitive preserved output; no sample identifiers.
anchored_hr:AZ-Class:45:full-result,AHR-MalCL-HR (hybrid_random_buffer),AZ-Class,45,original_full_result_json,historical_outputs/anchored_hr/az_class/seed_45/full-result.json,59c9d3f635de0ea7ac70fad9065db8abc3719875c50d0838b62f6be0bb0cf031,yes,,"raw_summary_metrics,classification_metrics,resources",Exact non-sensitive preserved output; no sample identifiers.
anchored_hr:AZ-Class:46:full-result,AHR-MalCL-HR (hybrid_random_buffer),AZ-Class,46,original_full_result_json,historical_outputs/anchored_hr/az_class/seed_46/full-result.json,777575f00383bf01f97fbdb77b0ea36c9e6af9f71f13560be6b51e9feb989617,yes,,"raw_summary_metrics,classification_metrics,resources",Exact non-sensitive preserved output; no sample identifiers.
anchored_hr:AZ-Class:47:full-result,AHR-MalCL-HR (hybrid_random_buffer),AZ-Class,47,original_full_result_json,historical_outputs/anchored_hr/az_class/seed_47/full-result.json,93814b6d3a388f5efd3d5e9a8316cdda370fba61cf4b81cee4e4b05f122a3e4e,yes,,"raw_summary_metrics,classification_metrics,resources",Exact non-sensitive preserved output; no sample identifiers.
anchored_hr:AZ-Class:48:full-result,AHR-MalCL-HR (hybrid_random_buffer),AZ-Class,48,original_full_result_json,historical_outputs/anchored_hr/az_class/seed_48/full-result.json,dd70f8cba28374e5a000c9ce4dec876dd1a0a19b134457de0abbd773b7f388fe,yes,,"raw_summary_metrics,classification_metrics,resources",Exact non-sensitive preserved output; no sample identifiers.
anchored_hr:AZ-Class:49:full-result,AHR-MalCL-HR (hybrid_random_buffer),AZ-Class,49,original_full_result_json,historical_outputs/anchored_hr/az_class/seed_49/full-result.json,a7a6f0655c38cfa6ef522a6154bec70a2e8f7d1a7ca6404d3d9a6541c18f468a,yes,,"raw_summary_metrics,classification_metrics,resources",Exact non-sensitive preserved output; no sample identifiers.
anchored_hr:AZ-Class:50:full-result,AHR-MalCL-HR (hybrid_random_buffer),AZ-Class,50,original_full_result_json,historical_outputs/anchored_hr/az_class/seed_50/full-result.json,d34b859d3d48e1f99335c51f28fd0240ff3baeeeea51cbbe13c362843dbe5981,yes,,"raw_summary_metrics,classification_metrics,resources",Exact non-sensitive preserved output; no sample identifiers.
anchored_hr:AZ-Class:51:full-result,AHR-MalCL-HR (hybrid_random_buffer),AZ-Class,51,original_full_result_json,historical_outputs/anchored_hr/az_class/seed_51/full-result.json,f3262618a4d412b7bbcc28bbdf240d6d5331247d848ed6e734fb1a9160424ab2,yes,,"raw_summary_metrics,classification_metrics,resources",Exact non-sensitive preserved output; no sample identifiers.
er:EMBER:42:full-result,ER (standard),EMBER,42,original_full_result_json,historical_outputs/er/ember/seed_42/full-result.json,164bf0a636ff7cfe95268474f3ed11171010445726a412f18b9bf55ed12a0356,yes,,"task_matrix,class_order,summary_metrics,resources",Exact non-sensitive preserved output; no sample identifiers.
er:EMBER:43:full-result,ER (standard),EMBER,43,original_full_result_json,historical_outputs/er/ember/seed_43/full-result.json,7f0890aebb04d0e460fd4f041e80c4c8a916caf3156db740504a0d3f446c0105,yes,,"task_matrix,class_order,summary_metrics,resources",Exact non-sensitive preserved output; no sample identifiers.
er:EMBER:44:full-result,ER (standard),EMBER,44,original_full_result_json,historical_outputs/er/ember/seed_44/full-result.json,82c13a0fafb7da9a9c414f0618492777dda84fb26acbd7061e57e3492d36679a,yes,,"task_matrix,class_order,summary_metrics,resources",Exact non-sensitive preserved output; no sample identifiers.
er:EMBER:45:full-result,ER (standard),EMBER,45,original_full_result_json,historical_outputs/er/ember/seed_45/full-result.json,5bf7b27c1eece05cdc55f6b6b0be2035582dda4b4aa8e9bbe64f7b0a1b6b66cc,yes,,"task_matrix,class_order,summary_metrics,resources",Exact non-sensitive preserved output; no sample identifiers.
er:EMBER:46:full-result,ER (standard),EMBER,46,original_full_result_json,historical_outputs/er/ember/seed_46/full-result.json,b3bfa49d0a50d8350a7b618b3c7f6006f5514965761df44757d14f7960a765d9,yes,,"task_matrix,class_order,summary_metrics,resources",Exact non-sensitive preserved output; no sample identifiers.
er:EMBER:47:full-result,ER (standard),EMBER,47,original_full_result_json,historical_outputs/er/ember/seed_47/full-result.json,d8eba01bb46ef6eae8cdc6436e73bae261b7d04442c5a243eb1c311adb8ae6d9,yes,,"task_matrix,class_order,summary_metrics,resources",Exact non-sensitive preserved output; no sample identifiers.
er:EMBER:48:full-result,ER (standard),EMBER,48,original_full_result_json,historical_outputs/er/ember/seed_48/full-result.json,97b0b8f229ba7859f3df6a4c62381bf74aa51a1eacff34cc2ed57c7ffa973118,yes,,"task_matrix,class_order,summary_metrics,resources",Exact non-sensitive preserved output; no sample identifiers.
er:EMBER:49:full-result,ER (standard),EMBER,49,original_full_result_json,historical_outputs/er/ember/seed_49/full-result.json,a7d60b3a8e59acb01624c9f6507e3d55e077df66a9869f10443b68baa0aca29d,yes,,"task_matrix,class_order,summary_metrics,resources",Exact non-sensitive preserved output; no sample identifiers.
er:EMBER:50:full-result,ER (standard),EMBER,50,original_full_result_json,historical_outputs/er/ember/seed_50/full-result.json,56b40fb8a448b870eecf660049b836ee30915a94a2f2ebad043da106a61f9cb7,yes,,"task_matrix,class_order,summary_metrics,resources",Exact non-sensitive preserved output; no sample identifiers.
er:EMBER:51:full-result,ER (standard),EMBER,51,original_full_result_json,historical_outputs/er/ember/seed_51/full-result.json,18c2b695d3fc5166f3cbdbadc9513de26fdceba1496ee1139598594aadf876e6,yes,,"task_matrix,class_order,summary_metrics,resources",Exact non-sensitive preserved output; no sample identifiers.
er:AZ-Class:42:full-result,ER (standard),AZ-Class,42,original_full_result_json,historical_outputs/er/az_class/seed_42/full-result.json,4303c371ddc1094a6bdf8583589cb2710f12370adf99e5295f919b8297d77c43,yes,,"task_matrix,class_order,summary_metrics,resources",Exact non-sensitive preserved output; no sample identifiers.
er:AZ-Class:43:full-result,ER (standard),AZ-Class,43,original_full_result_json,historical_outputs/er/az_class/seed_43/full-result.json,9a451983fcf1a506b06986d93630e339886f9cb8ec2569b345f5a839a6541e59,yes,,"task_matrix,class_order,summary_metrics,resources",Exact non-sensitive preserved output; no sample identifiers.
er:AZ-Class:44:full-result,ER (standard),AZ-Class,44,original_full_result_json,historical_outputs/er/az_class/seed_44/full-result.json,592d94ecefcf96622f1280ae0c78bd5c19e1b3b1b4b8ece01461c3e7d0fdc206,yes,,"task_matrix,class_order,summary_metrics,resources",Exact non-sensitive preserved output; no sample identifiers.
er:AZ-Class:45:full-result,ER (standard),AZ-Class,45,original_full_result_json,historical_outputs/er/az_class/seed_45/full-result.json,313021954a73696b20627a1ceab0a03f19718c3040bd5c0382ab2d5d2b4d15bc,yes,,"task_matrix,class_order,summary_metrics,resources",Exact non-sensitive preserved output; no sample identifiers.
er:AZ-Class:46:full-result,ER (standard),AZ-Class,46,original_full_result_json,historical_outputs/er/az_class/seed_46/full-result.json,f307d08ad01d3067a01605947df1ad36e0e1243240853e29f78233c1956cc1b7,yes,,"task_matrix,class_order,summary_metrics,resources",Exact non-sensitive preserved output; no sample identifiers.
er:AZ-Class:47:full-result,ER (standard),AZ-Class,47,original_full_result_json,historical_outputs/er/az_class/seed_47/full-result.json,72c735d24f8bee114479f4d2580fa63d2c9d84a6888fde346e7b4cd15d60e0b8,yes,,"task_matrix,class_order,summary_metrics,resources",Exact non-sensitive preserved output; no sample identifiers.
er:AZ-Class:48:full-result,ER (standard),AZ-Class,48,original_full_result_json,historical_outputs/er/az_class/seed_48/full-result.json,435d0c2776e9f94ab2b70165e70919aa76494d658bbc2e9aae76550a7dc3882d,yes,,"task_matrix,class_order,summary_metrics,resources",Exact non-sensitive preserved output; no sample identifiers.
er:AZ-Class:49:full-result,ER (standard),AZ-Class,49,original_full_result_json,historical_outputs/er/az_class/seed_49/full-result.json,c40f86f7b530d84940b498f39b9b083347a4610b0e98d80fec2b6e78d18b9835,yes,,"task_matrix,class_order,summary_metrics,resources",Exact non-sensitive preserved output; no sample identifiers.
er:AZ-Class:50:full-result,ER (standard),AZ-Class,50,original_full_result_json,historical_outputs/er/az_class/seed_50/full-result.json,655826f69948212fea8217ee4a71d7a01d061ebdf362bce86647b22dc076409a,yes,,"task_matrix,class_order,summary_metrics,resources",Exact non-sensitive preserved output; no sample identifiers.
er:AZ-Class:51:full-result,ER (standard),AZ-Class,51,original_full_result_json,historical_outputs/er/az_class/seed_51/full-result.json,91c6a2b8c7deef53fd5cf93d09555b4cb816df82476f6dedba0d1b390903ae53,yes,,"task_matrix,class_order,summary_metrics,resources",Exact non-sensitive preserved output; no sample identifiers.
derpp:EMBER:42:full-result,DER++ (standard),EMBER,42,original_full_result_json,historical_outputs/derpp/ember/seed_42/full-result.json,81ef76731fed5818fb6d32a56867c450370380b9a5f6923286f65cbe7acc48ca,yes,,"task_matrix,class_order,summary_metrics,resources",Exact non-sensitive preserved output; no sample identifiers.
derpp:EMBER:43:full-result,DER++ (standard),EMBER,43,original_full_result_json,historical_outputs/derpp/ember/seed_43/full-result.json,a41cd026a7b8f8b1b4e63894fe435d6dd8b71a714b47be7c093173b339df9b47,yes,,"task_matrix,class_order,summary_metrics,resources",Exact non-sensitive preserved output; no sample identifiers.
derpp:EMBER:44:full-result,DER++ (standard),EMBER,44,original_full_result_json,historical_outputs/derpp/ember/seed_44/full-result.json,26284332b397cccf50fe475604997963eb9d69004ef556d2f1ef587002d76912,yes,,"task_matrix,class_order,summary_metrics,resources",Exact non-sensitive preserved output; no sample identifiers.
derpp:EMBER:45:full-result,DER++ (standard),EMBER,45,original_full_result_json,historical_outputs/derpp/ember/seed_45/full-result.json,cc81a3cf5307a8b8b86cb74aaf25032acc5b8fb9b00c6cd6d4731a0f65ec21b3,yes,,"task_matrix,class_order,summary_metrics,resources",Exact non-sensitive preserved output; no sample identifiers.
derpp:EMBER:46:full-result,DER++ (standard),EMBER,46,original_full_result_json,historical_outputs/derpp/ember/seed_46/full-result.json,f304d29bc42ae26a73cde8d56d1a6478bc13b8556da560b2ce321441a32682f7,yes,,"task_matrix,class_order,summary_metrics,resources",Exact non-sensitive preserved output; no sample identifiers.
derpp:EMBER:47:full-result,DER++ (standard),EMBER,47,original_full_result_json,historical_outputs/derpp/ember/seed_47/full-result.json,baf2bb4c04fe3ede7e02f9ce39af0f1632e2d05cc5eabd958f8efcbc4456e413,yes,,"task_matrix,class_order,summary_metrics,resources",Exact non-sensitive preserved output; no sample identifiers.
derpp:EMBER:48:full-result,DER++ (standard),EMBER,48,original_full_result_json,historical_outputs/derpp/ember/seed_48/full-result.json,593cef344476b1ab71db1379fe07e6848c6d2975e3bf2501bd13c544d3d465dc,yes,,"task_matrix,class_order,summary_metrics,resources",Exact non-sensitive preserved output; no sample identifiers.
derpp:EMBER:49:full-result,DER++ (standard),EMBER,49,original_full_result_json,historical_outputs/derpp/ember/seed_49/full-result.json,064d0f74528bf2a6f98f3d28686f075f0da49e186d933852d9e9b3a2ba219a66,yes,,"task_matrix,class_order,summary_metrics,resources",Exact non-sensitive preserved output; no sample identifiers.
derpp:EMBER:50:full-result,DER++ (standard),EMBER,50,original_full_result_json,historical_outputs/derpp/ember/seed_50/full-result.json,cfdefefb63746dc317903efef0685dc28f101a25524e595e7edf3422eef81192,yes,,"task_matrix,class_order,summary_metrics,resources",Exact non-sensitive preserved output; no sample identifiers.
derpp:EMBER:51:full-result,DER++ (standard),EMBER,51,original_full_result_json,historical_outputs/derpp/ember/seed_51/full-result.json,1f682542fda53137d6b9a3ba9b3fbc2ff855d18760dd0b0266d65f47b203838b,yes,,"task_matrix,class_order,summary_metrics,resources",Exact non-sensitive preserved output; no sample identifiers.
derpp:AZ-Class:42:full-result,DER++ (standard),AZ-Class,42,original_full_result_json,historical_outputs/derpp/az_class/seed_42/full-result.json,83010979856a386342abccea5443186098eff82fc967dbcb56dda61fb5fdb8e8,yes,,"task_matrix,class_order,summary_metrics,resources",Exact non-sensitive preserved output; no sample identifiers.
derpp:AZ-Class:43:full-result,DER++ (standard),AZ-Class,43,original_full_result_json,historical_outputs/derpp/az_class/seed_43/full-result.json,7707a5957b028548ff6182278402e0a3429eea738abe539661b2626236b85e00,yes,,"task_matrix,class_order,summary_metrics,resources",Exact non-sensitive preserved output; no sample identifiers.
derpp:AZ-Class:44:full-result,DER++ (standard),AZ-Class,44,original_full_result_json,historical_outputs/derpp/az_class/seed_44/full-result.json,e6f316daaea35dea0a21e3eb30c08f34942749473603afe1983bc645263c3e23,yes,,"task_matrix,class_order,summary_metrics,resources",Exact non-sensitive preserved output; no sample identifiers.
derpp:AZ-Class:45:full-result,DER++ (standard),AZ-Class,45,original_full_result_json,historical_outputs/derpp/az_class/seed_45/full-result.json,7db573dceef53f2a5ebe8bf2e757f8596b668dc926b8895ec1bcf32b538326de,yes,,"task_matrix,class_order,summary_metrics,resources",Exact non-sensitive preserved output; no sample identifiers.
derpp:AZ-Class:46:full-result,DER++ (standard),AZ-Class,46,original_full_result_json,historical_outputs/derpp/az_class/seed_46/full-result.json,32ffb3d36a8889e8ffa1053829b3bb1a7f14fcdf116726731eb3c79bd4476a05,yes,,"task_matrix,class_order,summary_metrics,resources",Exact non-sensitive preserved output; no sample identifiers.
derpp:AZ-Class:47:full-result,DER++ (standard),AZ-Class,47,original_full_result_json,historical_outputs/derpp/az_class/seed_47/full-result.json,82f42682840b082d14f46fff530106f88497846ccfe612c6539b5b4e2d0eda9e,yes,,"task_matrix,class_order,summary_metrics,resources",Exact non-sensitive preserved output; no sample identifiers.
derpp:AZ-Class:48:full-result,DER++ (standard),AZ-Class,48,original_full_result_json,historical_outputs/derpp/az_class/seed_48/full-result.json,be93de02e30a09f8deb3e26ab72ef354be4c1f45f04618a6049f83608f402a66,yes,,"task_matrix,class_order,summary_metrics,resources",Exact non-sensitive preserved output; no sample identifiers.
derpp:AZ-Class:49:full-result,DER++ (standard),AZ-Class,49,original_full_result_json,historical_outputs/derpp/az_class/seed_49/full-result.json,42e851f98e62b83d159ad05fd5d672235c8225c82e5c1de5933e548874f1a2e7,yes,,"task_matrix,class_order,summary_metrics,resources",Exact non-sensitive preserved output; no sample identifiers.
derpp:AZ-Class:50:full-result,DER++ (standard),AZ-Class,50,original_full_result_json,historical_outputs/derpp/az_class/seed_50/full-result.json,aef59182c89d032ad1a7ab9d3dd45945c3024738f8c626995baa356f68a78022,yes,,"task_matrix,class_order,summary_metrics,resources",Exact non-sensitive preserved output; no sample identifiers.
derpp:AZ-Class:51:full-result,DER++ (standard),AZ-Class,51,original_full_result_json,historical_outputs/derpp/az_class/seed_51/full-result.json,ff80fd986f1a89de4f74b8c985bef94e9c76bcdac4cfbc9a88b2e08f759b297f,yes,,"task_matrix,class_order,summary_metrics,resources",Exact non-sensitive preserved output; no sample identifiers.
adapted_malcl:EMBER:42:full-result,protocol-matched adapted MalCL baseline,EMBER,42,original_full_result_json,historical_outputs/adapted_malcl/ember/seed_42/full-result.json,7970b16dcdebf64408623add8197f2bbd2b428d7a1bf0dea74dc330712b05144,yes,,"raw_summary_metrics,classification_metrics,resources",Exact non-sensitive preserved output; no sample identifiers.
adapted_malcl:EMBER:42:per-task,protocol-matched adapted MalCL baseline,EMBER,42,preserved_historical_per_task_csv,historical_outputs/adapted_malcl/ember/seed_42/per_task_metrics.csv,16a09ee571578f9e505a3e25e928a2b1d6affefee45ab3cff8efe711430eff38,yes,,"task_matrix,stage_metrics,classification_metrics",Only recovered source containing taskwise_accuracies; generating code not recovered.
adapted_malcl:EMBER:43:full-result,protocol-matched adapted MalCL baseline,EMBER,43,original_full_result_json,historical_outputs/adapted_malcl/ember/seed_43/full-result.json,c086f27c64f8e8d5e7ac4b0fa58a1334f375d22021421c8d79742f667925e195,yes,,"raw_summary_metrics,classification_metrics,resources",Exact non-sensitive preserved output; no sample identifiers.
adapted_malcl:EMBER:43:per-task,protocol-matched adapted MalCL baseline,EMBER,43,preserved_historical_per_task_csv,historical_outputs/adapted_malcl/ember/seed_43/per_task_metrics.csv,d5b353eeef2db05a29949cd64ce33f14dc60353dcb9f80ac4876e4f5dd77e2cd,yes,,"task_matrix,stage_metrics,classification_metrics",Only recovered source containing taskwise_accuracies; generating code not recovered.
adapted_malcl:EMBER:44:full-result,protocol-matched adapted MalCL baseline,EMBER,44,original_full_result_json,historical_outputs/adapted_malcl/ember/seed_44/full-result.json,9fbe98299818a2a8a5e4fc4015991782555fe320f6fc861240ee26f77de8452a,yes,,"raw_summary_metrics,classification_metrics,resources",Exact non-sensitive preserved output; no sample identifiers.
adapted_malcl:EMBER:44:per-task,protocol-matched adapted MalCL baseline,EMBER,44,preserved_historical_per_task_csv,historical_outputs/adapted_malcl/ember/seed_44/per_task_metrics.csv,e56f8f0767277d1a86d10c4c4b1e8e54da9ce333c91c7d9fb107733b13f6c021,yes,,"task_matrix,stage_metrics,classification_metrics",Only recovered source containing taskwise_accuracies; generating code not recovered.
adapted_malcl:EMBER:45:full-result,protocol-matched adapted MalCL baseline,EMBER,45,original_full_result_json,historical_outputs/adapted_malcl/ember/seed_45/full-result.json,aeb3f953bcfdcff8ba473745a60fd4888581c1ddb36e63df21fa4508da2bfdc4,yes,,"raw_summary_metrics,classification_metrics,resources",Exact non-sensitive preserved output; no sample identifiers.
adapted_malcl:EMBER:45:per-task,protocol-matched adapted MalCL baseline,EMBER,45,preserved_historical_per_task_csv,historical_outputs/adapted_malcl/ember/seed_45/per_task_metrics.csv,adca7c4f2b548139da172a86cd8a118276722a9d73416bb6473b2fcffbf23048,yes,,"task_matrix,stage_metrics,classification_metrics",Only recovered source containing taskwise_accuracies; generating code not recovered.
adapted_malcl:EMBER:46:full-result,protocol-matched adapted MalCL baseline,EMBER,46,original_full_result_json,historical_outputs/adapted_malcl/ember/seed_46/full-result.json,85fa540936638d13e268d63e35ace4b2f5089125b84d826da02875092f336d83,yes,,"raw_summary_metrics,classification_metrics,resources",Exact non-sensitive preserved output; no sample identifiers.
adapted_malcl:EMBER:46:per-task,protocol-matched adapted MalCL baseline,EMBER,46,preserved_historical_per_task_csv,historical_outputs/adapted_malcl/ember/seed_46/per_task_metrics.csv,5b1f52e87bdf3035b81a2d2a25e48e8ee20a9638c61eb52648edae9f827e91b5,yes,,"task_matrix,stage_metrics,classification_metrics",Only recovered source containing taskwise_accuracies; generating code not recovered.
adapted_malcl:EMBER:47:full-result,protocol-matched adapted MalCL baseline,EMBER,47,original_full_result_json,historical_outputs/adapted_malcl/ember/seed_47/full-result.json,6e4359ad003244e0a0e8890d0f4fca7b15552fd859e0a4d10212c9a65478fe28,yes,,"raw_summary_metrics,classification_metrics,resources",Exact non-sensitive preserved output; no sample identifiers.
adapted_malcl:EMBER:47:per-task,protocol-matched adapted MalCL baseline,EMBER,47,preserved_historical_per_task_csv,historical_outputs/adapted_malcl/ember/seed_47/per_task_metrics.csv,11128209c245ebbe376a5305c4438065d9a45fe25840fc0325efc06ef8e1fd7e,yes,,"task_matrix,stage_metrics,classification_metrics",Only recovered source containing taskwise_accuracies; generating code not recovered.
adapted_malcl:EMBER:48:full-result,protocol-matched adapted MalCL baseline,EMBER,48,original_full_result_json,historical_outputs/adapted_malcl/ember/seed_48/full-result.json,85cc4dc30c1ff9f3824720a7009c2e950750ae45286510cbd6a344aab71ec9ce,yes,,"raw_summary_metrics,classification_metrics,resources",Exact non-sensitive preserved output; no sample identifiers.
adapted_malcl:EMBER:48:per-task,protocol-matched adapted MalCL baseline,EMBER,48,preserved_historical_per_task_csv,historical_outputs/adapted_malcl/ember/seed_48/per_task_metrics.csv,38e6845e2b3f7779baf5932c9c78f83a51d7b843090f70aee8c35b17e77921de,yes,,"task_matrix,stage_metrics,classification_metrics",Only recovered source containing taskwise_accuracies; generating code not recovered.
adapted_malcl:EMBER:49:full-result,protocol-matched adapted MalCL baseline,EMBER,49,original_full_result_json,historical_outputs/adapted_malcl/ember/seed_49/full-result.json,bdf89d2d925995a1260e7a177e3784365f74445ceca002ecb1763017d0f6f98a,yes,,"raw_summary_metrics,classification_metrics,resources",Exact non-sensitive preserved output; no sample identifiers.
adapted_malcl:EMBER:49:per-task,protocol-matched adapted MalCL baseline,EMBER,49,preserved_historical_per_task_csv,historical_outputs/adapted_malcl/ember/seed_49/per_task_metrics.csv,125314c10ff2c925c6a70184163f3cef8b911bccefc17850064fef269d120e67,yes,,"task_matrix,stage_metrics,classification_metrics",Only recovered source containing taskwise_accuracies; generating code not recovered.
adapted_malcl:EMBER:50:full-result,protocol-matched adapted MalCL baseline,EMBER,50,original_full_result_json,historical_outputs/adapted_malcl/ember/seed_50/full-result.json,9e473b15da369a68cbb5bba2d77308993727a9088c8ea50e49f905e82dad8fc2,yes,,"raw_summary_metrics,classification_metrics,resources",Exact non-sensitive preserved output; no sample identifiers.
adapted_malcl:EMBER:50:per-task,protocol-matched adapted MalCL baseline,EMBER,50,preserved_historical_per_task_csv,historical_outputs/adapted_malcl/ember/seed_50/per_task_metrics.csv,0be4f96103397ead21cee258951d063b65cabf7d1ddb040f88e6e1bd880437da,yes,,"task_matrix,stage_metrics,classification_metrics",Only recovered source containing taskwise_accuracies; generating code not recovered.
adapted_malcl:EMBER:51:full-result,protocol-matched adapted MalCL baseline,EMBER,51,original_full_result_json,historical_outputs/adapted_malcl/ember/seed_51/full-result.json,30b9109796f6b87046c7eaf6e7f5cbcf053d2807c6ccdf6ba56e5029e428136f,yes,,"raw_summary_metrics,classification_metrics,resources",Exact non-sensitive preserved output; no sample identifiers.
adapted_malcl:EMBER:51:per-task,protocol-matched adapted MalCL baseline,EMBER,51,preserved_historical_per_task_csv,historical_outputs/adapted_malcl/ember/seed_51/per_task_metrics.csv,1d88b414f14c1d2ededa3e90bf656158572a59afe4164040530e7dd6a8919b70,yes,,"task_matrix,stage_metrics,classification_metrics",Only recovered source containing taskwise_accuracies; generating code not recovered.
adapted_malcl:AZ-Class:42:full-result,protocol-matched adapted MalCL baseline,AZ-Class,42,original_full_result_json,historical_outputs/adapted_malcl/az_class/seed_42/full-result.json,63964c86de544cf4413c1e659bc3d42be34bd4fbfc85116ee12b5e35d4f19ee9,yes,,"raw_summary_metrics,classification_metrics,resources",Exact non-sensitive preserved output; no sample identifiers.
adapted_malcl:AZ-Class:42:per-task,protocol-matched adapted MalCL baseline,AZ-Class,42,preserved_historical_per_task_csv,historical_outputs/adapted_malcl/az_class/seed_42/per_task_metrics.csv,da9931911e9f0d1ac531c1a125cf16e90da86347b7f08f5beb98390aad07276e,yes,,"task_matrix,stage_metrics,classification_metrics",Only recovered source containing taskwise_accuracies; generating code not recovered.
adapted_malcl:AZ-Class:43:full-result,protocol-matched adapted MalCL baseline,AZ-Class,43,original_full_result_json,historical_outputs/adapted_malcl/az_class/seed_43/full-result.json,01725214cedd4eeaa15c205701820da83ad31b9306fff7673ead3b472d01e609,yes,,"raw_summary_metrics,classification_metrics,resources",Exact non-sensitive preserved output; no sample identifiers.
adapted_malcl:AZ-Class:43:per-task,protocol-matched adapted MalCL baseline,AZ-Class,43,preserved_historical_per_task_csv,historical_outputs/adapted_malcl/az_class/seed_43/per_task_metrics.csv,d51bd62b01989b1716feb4520a1a5cddfc72c3e3366a304c1d2fc0c461827849,yes,,"task_matrix,stage_metrics,classification_metrics",Only recovered source containing taskwise_accuracies; generating code not recovered.
adapted_malcl:AZ-Class:44:full-result,protocol-matched adapted MalCL baseline,AZ-Class,44,original_full_result_json,historical_outputs/adapted_malcl/az_class/seed_44/full-result.json,e4b5f9278b7df2ba7ce47be553dc575df61ce6f7280af315ce9eb26a4fb47ad0,yes,,"raw_summary_metrics,classification_metrics,resources",Exact non-sensitive preserved output; no sample identifiers.
adapted_malcl:AZ-Class:44:per-task,protocol-matched adapted MalCL baseline,AZ-Class,44,preserved_historical_per_task_csv,historical_outputs/adapted_malcl/az_class/seed_44/per_task_metrics.csv,43df4b1a90df395835017a3733973d8784431fa61753acd90a67f5db7a17a28e,yes,,"task_matrix,stage_metrics,classification_metrics",Only recovered source containing taskwise_accuracies; generating code not recovered.
adapted_malcl:AZ-Class:45:full-result,protocol-matched adapted MalCL baseline,AZ-Class,45,original_full_result_json,historical_outputs/adapted_malcl/az_class/seed_45/full-result.json,90691ce8e073571679dd95678650604b4cb58d3467123a42eaf95e21c6790f1a,yes,,"raw_summary_metrics,classification_metrics,resources",Exact non-sensitive preserved output; no sample identifiers.
adapted_malcl:AZ-Class:45:per-task,protocol-matched adapted MalCL baseline,AZ-Class,45,preserved_historical_per_task_csv,historical_outputs/adapted_malcl/az_class/seed_45/per_task_metrics.csv,f3188038980a317da6a45b2ea17f38c5398eb757b1fc7a0ccffcbda190bfbef6,yes,,"task_matrix,stage_metrics,classification_metrics",Only recovered source containing taskwise_accuracies; generating code not recovered.
adapted_malcl:AZ-Class:46:full-result,protocol-matched adapted MalCL baseline,AZ-Class,46,original_full_result_json,historical_outputs/adapted_malcl/az_class/seed_46/full-result.json,a3678f63d99b4832b0e0447ac09f2146a6ace15550dc1c2a94e0dbef944d9d62,yes,,"raw_summary_metrics,classification_metrics,resources",Exact non-sensitive preserved output; no sample identifiers.
adapted_malcl:AZ-Class:46:per-task,protocol-matched adapted MalCL baseline,AZ-Class,46,preserved_historical_per_task_csv,historical_outputs/adapted_malcl/az_class/seed_46/per_task_metrics.csv,ffc1577f6b07facbc94e343fce239da62bc44dede3409a6c97dd6c05e701a129,yes,,"task_matrix,stage_metrics,classification_metrics",Only recovered source containing taskwise_accuracies; generating code not recovered.
adapted_malcl:AZ-Class:47:full-result,protocol-matched adapted MalCL baseline,AZ-Class,47,original_full_result_json,historical_outputs/adapted_malcl/az_class/seed_47/full-result.json,f067172cefddc6ed14e18e3bfdb4116776b0fcaeeeb6047417cb4169c22f08ac,yes,,"raw_summary_metrics,classification_metrics,resources",Exact non-sensitive preserved output; no sample identifiers.
adapted_malcl:AZ-Class:47:per-task,protocol-matched adapted MalCL baseline,AZ-Class,47,preserved_historical_per_task_csv,historical_outputs/adapted_malcl/az_class/seed_47/per_task_metrics.csv,743af30ed56015a41a30795927d28a2a3fbc9aa63cd1568fceb73d7ab4924734,yes,,"task_matrix,stage_metrics,classification_metrics",Only recovered source containing taskwise_accuracies; generating code not recovered.
adapted_malcl:AZ-Class:48:full-result,protocol-matched adapted MalCL baseline,AZ-Class,48,original_full_result_json,historical_outputs/adapted_malcl/az_class/seed_48/full-result.json,404701c1cdf2e03eb870c16eac85494b51570af797a67e9025d706b1325e84b7,yes,,"raw_summary_metrics,classification_metrics,resources",Exact non-sensitive preserved output; no sample identifiers.
adapted_malcl:AZ-Class:48:per-task,protocol-matched adapted MalCL baseline,AZ-Class,48,preserved_historical_per_task_csv,historical_outputs/adapted_malcl/az_class/seed_48/per_task_metrics.csv,5a2e3e9cb6ee34a8b216ba931196d24dafbb240fe0a4dca88921dd618f655fdc,yes,,"task_matrix,stage_metrics,classification_metrics",Only recovered source containing taskwise_accuracies; generating code not recovered.
adapted_malcl:AZ-Class:49:full-result,protocol-matched adapted MalCL baseline,AZ-Class,49,original_full_result_json,historical_outputs/adapted_malcl/az_class/seed_49/full-result.json,61be2bd37defeea0edc6772f49b775b6f3b356b04bd4573af06ecc7a528c15ca,yes,,"raw_summary_metrics,classification_metrics,resources",Exact non-sensitive preserved output; no sample identifiers.
adapted_malcl:AZ-Class:49:per-task,protocol-matched adapted MalCL baseline,AZ-Class,49,preserved_historical_per_task_csv,historical_outputs/adapted_malcl/az_class/seed_49/per_task_metrics.csv,bbfa3bdc016196576a1dc46b22cf92756cdcfc6397c7426098523f992ce8a02f,yes,,"task_matrix,stage_metrics,classification_metrics",Only recovered source containing taskwise_accuracies; generating code not recovered.
adapted_malcl:AZ-Class:50:full-result,protocol-matched adapted MalCL baseline,AZ-Class,50,original_full_result_json,historical_outputs/adapted_malcl/az_class/seed_50/full-result.json,33e18700344596324b0bbf3eac686e40464f18c88997ff8c38cd8d4099607be4,yes,,"raw_summary_metrics,classification_metrics,resources",Exact non-sensitive preserved output; no sample identifiers.
adapted_malcl:AZ-Class:50:per-task,protocol-matched adapted MalCL baseline,AZ-Class,50,preserved_historical_per_task_csv,historical_outputs/adapted_malcl/az_class/seed_50/per_task_metrics.csv,936747e395102311afae1741be2ee64d461cd57d52ec73f551f26e1aa97e2cb4,yes,,"task_matrix,stage_metrics,classification_metrics",Only recovered source containing taskwise_accuracies; generating code not recovered.
adapted_malcl:AZ-Class:51:full-result,protocol-matched adapted MalCL baseline,AZ-Class,51,original_full_result_json,historical_outputs/adapted_malcl/az_class/seed_51/full-result.json,6e7f47e259318b4125947d5478cf8b5ec2ac158cdc09a0fc86866d647d4b66df,yes,,"raw_summary_metrics,classification_metrics,resources",Exact non-sensitive preserved output; no sample identifiers.
adapted_malcl:AZ-Class:51:per-task,protocol-matched adapted MalCL baseline,AZ-Class,51,preserved_historical_per_task_csv,historical_outputs/adapted_malcl/az_class/seed_51/per_task_metrics.csv,9c58a700318e843f884e85c2020440872f81404f64e0a7f6dc7871d07992230e,yes,,"task_matrix,stage_metrics,classification_metrics",Only recovered source containing taskwise_accuracies; generating code not recovered.
