dataset,method,setting_type,k,result_validity,paper_use_category,validity_reason,metric,n,mean,std,se,ci95_low,ci95_high,median,min,max,seeds
az_class,classifier_real_only,ablation,100,valid_ablation,ablation_table,controlled ablation result under final ablation folders,mean_acc_seen,5,0.137803669107594,0.0126135099522083,0.0056409331376016,0.122141927908952,0.153465410306236,0.1305399304994103,0.1264499432450714,0.1528801556453868,"42,43,44,45,46"
az_class,classifier_real_only,ablation,100,valid_ablation,ablation_table,controlled ablation result under final ablation folders,forgetting,5,0.9629409859866392,0.0100524465285035,0.0044955907555831,0.950459225038328,0.9754227469349503,0.961925898380367,0.9497528387059084,0.9761287578631874,"42,43,44,45,46"
az_class,hybrid_diversity_buffer,ablation,100,valid_ablation,ablation_table,controlled ablation result under final ablation folders,mean_acc_seen,5,0.6710760554931987,0.0128641371889679,0.005753017045283,0.6551031194777029,0.6870489915086945,0.671500972635277,0.6519962510598061,0.6871885816843111,"42,43,44,45,46"
az_class,hybrid_diversity_buffer,ablation,100,valid_ablation,ablation_table,controlled ablation result under final ablation folders,forgetting,5,0.2099609595151744,0.02636220418622,0.0117895361194234,0.1772279596638484,0.2426939593665003,0.2142779120032515,0.1725918575389287,0.2443511744706646,"42,43,44,45,46"
az_class,hybrid_random_buffer,ablation,100,valid_memory_efficient_hr,memory_efficient_hr_table,ablation hybrid_random_buffer aggregate provides simplified HR memory-efficient result,mean_acc_seen,5,0.7336122714813581,0.0144508259291726,0.0064626058217293,0.7156692011807949,0.7515553417819213,0.7359395482979489,0.7144661597626837,0.7511489556893779,"42,43,44,45,46"
az_class,hybrid_random_buffer,ablation,100,valid_memory_efficient_hr,memory_efficient_hr_table,ablation hybrid_random_buffer aggregate provides simplified HR memory-efficient result,forgetting,5,0.128910164993309,0.0106241340221224,0.0047512571751068,0.1157185602659479,0.1421017697206702,0.1300743228883822,0.1192056303456737,0.1451837562131941,"42,43,44,45,46"
az_class,malcl_like,ablation,100,valid_ablation,ablation_table,controlled ablation result under final ablation folders,mean_acc_seen,5,0.2367420620407557,0.0236186499787216,0.0105625813778391,0.2074156346760009,0.2660684894055105,0.2211847509084147,0.2195360659534753,0.2724523394337496,"42,43,44,45,46"
az_class,malcl_like,ablation,100,valid_ablation,ablation_table,controlled ablation result under final ablation folders,forgetting,5,0.8722509386959125,0.0251924030198553,0.0112663851337935,0.8409704388379183,0.9035314385539068,0.8695469082169642,0.8504977373017697,0.9136840040830518,"42,43,44,45,46"
az_class,plus_kd,ablation,100,valid_ablation,ablation_table,controlled ablation result under final ablation folders,mean_acc_seen,5,0.6884136193880664,0.0086444628857303,0.0038659213282933,0.6776801010390465,0.6991471377370864,0.6869001146804966,0.6777364573209692,0.7008233971365052,"42,43,44,45,46"
az_class,plus_kd,ablation,100,valid_ablation,ablation_table,controlled ablation result under final ablation folders,forgetting,5,0.1970591740951281,0.0235460363494889,0.0105301075756276,0.1678229084595704,0.2262954397306858,0.1982361441433942,0.1609686205832496,0.2218578055870957,"42,43,44,45,46"
az_class,real_buffer_only,ablation,100,valid_ablation,ablation_table,controlled ablation result under final ablation folders,mean_acc_seen,5,0.6826763201899329,0.0066815746639258,0.0029880910290557,0.6743800494784257,0.69097259090144,0.6836943499903526,0.6724695131100393,0.6894562509181,"42,43,44,45,46"
az_class,real_buffer_only,ablation,100,valid_ablation,ablation_table,controlled ablation result under final ablation folders,forgetting,5,0.183044364624588,0.0285977081411227,0.0127892838808499,0.1475356199946171,0.2185531092545588,0.1792587528688114,0.1507409282190372,0.2166716152741853,"42,43,44,45,46"
az_class,wgan_projection_generated_only,ablation,100,valid_ablation,ablation_table,controlled ablation result under final ablation folders,mean_acc_seen,5,0.3213283259658336,0.0483884134569612,0.0216399563626261,0.2612461750461262,0.3814104768855409,0.3252218018840986,0.255615750595254,0.3828732231587201,"42,43,44,45,46"
az_class,wgan_projection_generated_only,ablation,100,valid_ablation,ablation_table,controlled ablation result under final ablation folders,forgetting,5,0.7313132700246685,0.0935051475301701,0.0418167732247213,0.6152112946897247,0.8474152453596123,0.7321861256580009,0.595607214587203,0.8578921575835532,"42,43,44,45,46"
ember,classifier_real_only,ablation,25,valid_ablation,ablation_table,controlled ablation result under final ablation folders,mean_acc_seen,5,0.1334426819559997,0.0116370651679869,0.0052042537548427,0.1189933570921592,0.1478920068198402,0.132877073350235,0.1211387060703835,0.148912617935236,"42,43,44,45,46"
ember,classifier_real_only,ablation,25,valid_ablation,ablation_table,controlled ablation result under final ablation folders,forgetting,5,0.9666489275647068,0.0094137527728383,0.0042099582246887,0.9549602096586824,0.978337645470731,0.9709381320273318,0.9559134611084932,0.9769707770935764,"42,43,44,45,46"
ember,hybrid_diversity_buffer,ablation,25,valid_ablation,ablation_table,controlled ablation result under final ablation folders,mean_acc_seen,5,0.7186817200795529,0.0185522446793677,0.0082968160476549,0.6956460657753146,0.7417173743837912,0.7245301467704055,0.6880240396179943,0.734001610233624,"42,43,44,45,46"
ember,hybrid_diversity_buffer,ablation,25,valid_ablation,ablation_table,controlled ablation result under final ablation folders,forgetting,5,0.2816889913050848,0.0238963650827856,0.0106867793480522,0.2520177350938564,0.3113602475163132,0.2800618486576423,0.253485651857352,0.3118524366560009,"42,43,44,45,46"
ember,hybrid_random_buffer,ablation,25,valid_memory_efficient_hr,memory_efficient_hr_table,ablation hybrid_random_buffer aggregate provides simplified HR memory-efficient result,mean_acc_seen,5,0.7950161615475181,0.007543080698086,0.0033733682401373,0.785650189809159,0.8043821332858772,0.7993518043722637,0.786507995460374,0.8020424156642421,"42,43,44,45,46"
ember,hybrid_random_buffer,ablation,25,valid_memory_efficient_hr,memory_efficient_hr_table,ablation hybrid_random_buffer aggregate provides simplified HR memory-efficient result,forgetting,5,0.182218153266521,0.0178034500035933,0.0079619448884107,0.1601122503532384,0.2043240561798035,0.1740673608971749,0.1688342197647199,0.2129402944705783,"42,43,44,45,46"
ember,malcl_like,ablation,25,valid_ablation,ablation_table,controlled ablation result under final ablation folders,mean_acc_seen,5,0.3984198502762747,0.0152282946021762,0.0068103003823718,0.3795114251147117,0.4173282754378376,0.3911846251356493,0.3812599352525454,0.4146028292094499,"42,43,44,45,46"
ember,malcl_like,ablation,25,valid_ablation,ablation_table,controlled ablation result under final ablation folders,forgetting,5,0.807487140399382,0.0632467402434309,0.0282848021079166,0.7289559400353686,0.8860183407633954,0.7893529854394116,0.7422528645700633,0.9124276850959684,"42,43,44,45,46"
ember,plus_kd,ablation,25,valid_ablation,ablation_table,controlled ablation result under final ablation folders,mean_acc_seen,5,0.7387449006386222,0.0189554684742973,0.0084771432107766,0.7152085778650007,0.7622812234122437,0.7318078161130963,0.718252369987786,0.7663580712217262,"42,43,44,45,46"
ember,plus_kd,ablation,25,valid_ablation,ablation_table,controlled ablation result under final ablation folders,forgetting,5,0.2499981636825796,0.0122302717746198,0.0054695438142694,0.2348122755317864,0.2651840518333728,0.2507824620678301,0.234417557364535,0.2666799134486407,"42,43,44,45,46"
ember,real_buffer_only,ablation,25,valid_ablation,ablation_table,controlled ablation result under final ablation folders,mean_acc_seen,5,0.7085969019845854,0.011970300704586,0.0053532812173135,0.6937338105520278,0.723459993417143,0.7090276970562687,0.6914951190471837,0.7235146542099908,"42,43,44,45,46"
ember,real_buffer_only,ablation,25,valid_ablation,ablation_table,controlled ablation result under final ablation folders,forgetting,5,0.2937822241939362,0.0335091870079137,0.0149857640040895,0.2521750730771324,0.33538937531074,0.2850274443087052,0.2566597631451348,0.3429141388142022,"42,43,44,45,46"
ember,wgan_projection_generated_only,ablation,25,valid_ablation,ablation_table,controlled ablation result under final ablation folders,mean_acc_seen,5,0.472794215530649,0.0482069140421451,0.0215587873567451,0.4129374259000138,0.5326510051612842,0.467230222946738,0.3999951530343233,0.5273236596558927,"42,43,44,45,46"
ember,wgan_projection_generated_only,ablation,25,valid_ablation,ablation_table,controlled ablation result under final ablation folders,forgetting,5,0.5839582446860441,0.0449381321769437,0.0200969436659033,0.5281601838154109,0.6397563055566773,0.5815437921035144,0.5234832265355646,0.6491000147550066,"42,43,44,45,46"
