method,dataset,seed,final_taskwise_accuracy,mean_seen_accuracy,forgetting,macro_f1,weighted_f1,balanced_accuracy,final_task_macro_accuracy,final_sample_weighted_seen_accuracy,sw_aia,tm_aia,raw_result_source,raw_result_sha256,task_matrix_source,task_matrix_sha256,harmonized_metric_source,harmonized_metric_definition_version,classification_report_source,resource_measurement_source,diagnostic_source
AHR-MalCL-HR (hybrid_random_buffer),EMBER,42,78.17605641854574,84.6862872211187,9.56485,72.77835130791821,81.26552491363537,79.7917596643079,78.17606363636365,79.82733584144316,84.68628722111872,82.38942873966943,historical_outputs/anchored_hr/ember/seed_42/full-result.json,16666bb9654878a6160edcfd1891dd7de83dec7ad917b8810882d44d0740ce03,task_matrices/anchored_hr__ember__seed_42.json,a5427ee24fe51ebbabcf165d602bcd2b876e8133ec79991e4fba1441b5b58d50,task_matrices/anchored_hr__ember__seed_42.json,V15.5,historical_outputs/anchored_hr/ember/seed_42/full-result.json,historical_outputs/anchored_hr/ember/seed_42/full-result.json,historical_outputs/anchored_hr/ember/seed_42/full-result.json
ER (standard),EMBER,42,78.29277685077052,83.08606346211415,18.345030910951525,73.26513817946592,77.15335569324256,79.78665544061693,78.29277685077052,75.69131260384523,83.08606346211417,81.95644811155785,historical_outputs/er/ember/seed_42/full-result.json,164bf0a636ff7cfe95268474f3ed11171010445726a412f18b9bf55ed12a0356,task_matrices/er__ember__seed_42.json,0e1c58815caaa71ae5cf3d8e1582e14a0291c73f56a2e0d4b91711f60b0e496d,task_matrices/er__ember__seed_42.json,V15.5,historical_outputs/er/ember/seed_42/full-result.json,historical_outputs/er/ember/seed_42/full-result.json,not_reported
DER++ (standard),EMBER,42,80.11512829471988,83.89678060092618,15.820962018537488,73.92502312228089,78.21133200361713,80.6315669189594,80.11512829471988,76.82470923332542,83.89678060092616,83.23556187173634,historical_outputs/derpp/ember/seed_42/full-result.json,81ef76731fed5818fb6d32a56867c450370380b9a5f6923286f65cbe7acc48ca,task_matrices/derpp__ember__seed_42.json,05776f75e7317ebaa26ebb5632fb9547d22ab68d47589955968e81ecb4814761,task_matrices/derpp__ember__seed_42.json,V15.5,historical_outputs/derpp/ember/seed_42/full-result.json,historical_outputs/derpp/ember/seed_42/full-result.json,not_reported
protocol-matched adapted MalCL baseline,EMBER,42,32.3650961999563,67.43726238676474,19.54011915824399,41.55059344207792,56.73245152397352,47.39919230338183,32.3650961999563,56.49477806788512,67.43726238676474,49.42085849507669,historical_outputs/adapted_malcl/ember/seed_42/full-result.json,7970b16dcdebf64408623add8197f2bbd2b428d7a1bf0dea74dc330712b05144,task_matrices/adapted_malcl__ember__seed_42.json,5115ead48cf1c47926cd7615b08c4a25e113241daadeb7bfbfcbe1ce3337c406,task_matrices/adapted_malcl__ember__seed_42.json,V15.5,historical_outputs/adapted_malcl/ember/seed_42/full-result.json,historical_outputs/adapted_malcl/ember/seed_42/full-result.json,not_reported
AHR-MalCL-HR (hybrid_random_buffer),EMBER,43,81.01532937772629,83.12392196482901,8.128589999999999,73.38408527303312,81.63694943805784,79.73360841275093,81.01532727272726,79.51578998635178,83.12392196482901,84.1622076272465,historical_outputs/anchored_hr/ember/seed_43/full-result.json,423652ebd5a1119e5fbab37e88b1edfc34f375907896579dd8995e540db13abe,task_matrices/anchored_hr__ember__seed_43.json,e924ae8f007cec4141cddb733419701146a1e451ea2bbcf26d535fc4d47d04de,task_matrices/anchored_hr__ember__seed_43.json,V15.5,historical_outputs/anchored_hr/ember/seed_43/full-result.json,historical_outputs/anchored_hr/ember/seed_43/full-result.json,historical_outputs/anchored_hr/ember/seed_43/full-result.json
ER (standard),EMBER,43,81.4599809229034,84.23901972728264,16.429795494380294,75.65130935566879,82.97984122054429,79.89053943178645,81.45998092290337,80.69962022311891,84.23901972728262,85.08366579685456,historical_outputs/er/ember/seed_43/full-result.json,7f0890aebb04d0e460fd4f041e80c4c8a916caf3156db740504a0d3f446c0105,task_matrices/er__ember__seed_43.json,a11d1abbb9d33c42b9b02b5c67d9f81236e2c55f166fa6433f5499649424de88,task_matrices/er__ember__seed_43.json,V15.5,historical_outputs/er/ember/seed_43/full-result.json,historical_outputs/er/ember/seed_43/full-result.json,not_reported
DER++ (standard),EMBER,43,82.60701678589446,84.9013833758136,14.698128339114614,75.44369247652966,83.34866519203169,80.6961637650986,82.60701678589446,81.45027296463327,84.90138337581362,86.55265756048146,historical_outputs/derpp/ember/seed_43/full-result.json,a41cd026a7b8f8b1b4e63894fe435d6dd8b71a714b47be7c093173b339df9b47,task_matrices/derpp__ember__seed_43.json,d5b5ab692d3155fe09ac850282019d9c5e3c459619467453bfd4aa1bc5d93561,task_matrices/derpp__ember__seed_43.json,V15.5,historical_outputs/derpp/ember/seed_43/full-result.json,historical_outputs/derpp/ember/seed_43/full-result.json,not_reported
protocol-matched adapted MalCL baseline,EMBER,43,42.898124312665985,63.096685392279724,10.687087007327918,43.66143629957917,59.03988138808709,53.85978558163036,42.898124312665985,58.14146688820318,63.09668539227972,47.47887001029681,historical_outputs/adapted_malcl/ember/seed_43/full-result.json,c086f27c64f8e8d5e7ac4b0fa58a1334f375d22021421c8d79742f667925e195,task_matrices/adapted_malcl__ember__seed_43.json,0ca330c05e9498a10800c875f8751c3c6b8122702c49962076c098578a35ffc7,task_matrices/adapted_malcl__ember__seed_43.json,V15.5,historical_outputs/adapted_malcl/ember/seed_43/full-result.json,historical_outputs/adapted_malcl/ember/seed_43/full-result.json,not_reported
AHR-MalCL-HR (hybrid_random_buffer),EMBER,44,78.53903978134802,84.08963710233952,9.589830000000001,72.71131847562086,80.04237203577486,79.0698538881888,78.53905454545455,78.98174028008543,84.08963710233951,82.90873793486817,historical_outputs/anchored_hr/ember/seed_44/full-result.json,018672639db6f07999f6f275523688d48eb145a0d65e46341f837a6cf1938388,task_matrices/anchored_hr__ember__seed_44.json,43232b91fbefcc3954a5e9d836540bccc19da0800d5c926d5b990778b82c37b0,task_matrices/anchored_hr__ember__seed_44.json,V15.5,historical_outputs/anchored_hr/ember/seed_44/full-result.json,historical_outputs/anchored_hr/ember/seed_44/full-result.json,historical_outputs/anchored_hr/ember/seed_44/full-result.json
ER (standard),EMBER,44,80.92981369305865,83.96986871496452,17.032050644766436,76.3821528094287,82.0637034717749,80.37676538024728,80.92981369305865,81.67576548777593,83.9698687149645,83.80838694217208,historical_outputs/er/ember/seed_44/full-result.json,82c13a0fafb7da9a9c414f0618492777dda84fb26acbd7061e57e3492d36679a,task_matrices/er__ember__seed_44.json,210a38519bbc41aad9bafeea037ddd9753aa4e8d9381d8c7bccb063cf1594922,task_matrices/er__ember__seed_44.json,V15.5,historical_outputs/er/ember/seed_44/full-result.json,historical_outputs/er/ember/seed_44/full-result.json,not_reported
DER++ (standard),EMBER,44,81.65895025025245,84.42628767044678,15.944701579844544,76.33145877116213,82.5584507181532,80.7650459078411,81.65895025025243,82.16235461666271,84.42628767044677,84.76444493542967,historical_outputs/derpp/ember/seed_44/full-result.json,26284332b397cccf50fe475604997963eb9d69004ef556d2f1ef587002d76912,task_matrices/derpp__ember__seed_44.json,5f1cd74ed7892e33afb30ab2535eaa590d39fc72b7f9164bda4b286198dfee89,task_matrices/derpp__ember__seed_44.json,V15.5,historical_outputs/derpp/ember/seed_44/full-result.json,historical_outputs/derpp/ember/seed_44/full-result.json,not_reported
protocol-matched adapted MalCL baseline,EMBER,44,32.17150375918519,63.54069000626515,28.998948283790504,34.938801893418145,35.54237394626295,41.34385017650487,32.17150375918519,36.12330880607643,63.54069000626516,56.96046592312968,historical_outputs/adapted_malcl/ember/seed_44/full-result.json,9fbe98299818a2a8a5e4fc4015991782555fe320f6fc861240ee26f77de8452a,task_matrices/adapted_malcl__ember__seed_44.json,a55afcd852bfb68cd162748edc2157f3e4e7403f6ba68a85a8275d083e954631,task_matrices/adapted_malcl__ember__seed_44.json,V15.5,historical_outputs/adapted_malcl/ember/seed_44/full-result.json,historical_outputs/adapted_malcl/ember/seed_44/full-result.json,not_reported
AHR-MalCL-HR (hybrid_random_buffer),EMBER,45,81.34740549995443,83.40414089451961,7.573540000000002,72.78329798777622,80.78601878478096,79.3306978445204,81.34740909090911,79.71455967540943,83.40414089451961,84.49852137839433,historical_outputs/anchored_hr/ember/seed_45/full-result.json,fbbd386d0b6b2fc1b9e495b47d2fb9d808267c2a67746f58944257ca435e524f,task_matrices/anchored_hr__ember__seed_45.json,fdfb04aa3bc14bf1dcfcc79a57bfd262dcce0ba558328c7080e1e074c0530aa5,task_matrices/anchored_hr__ember__seed_45.json,V15.5,historical_outputs/anchored_hr/ember/seed_45/full-result.json,historical_outputs/anchored_hr/ember/seed_45/full-result.json,historical_outputs/anchored_hr/ember/seed_45/full-result.json
ER (standard),EMBER,45,84.5688907905577,84.88857442072309,12.249634422474038,76.93850777675944,83.49926345324137,80.48218086580086,84.5688907905577,82.8239971516734,84.8885744207231,86.10418325099559,historical_outputs/er/ember/seed_45/full-result.json,5bf7b27c1eece05cdc55f6b6b0be2035582dda4b4aa8e9bbe64f7b0a1b6b66cc,task_matrices/er__ember__seed_45.json,adf3e52fff41ab43bf1452785e329841202ed309239d507840a09931f8ae7adc,task_matrices/er__ember__seed_45.json,V15.5,historical_outputs/er/ember/seed_45/full-result.json,historical_outputs/er/ember/seed_45/full-result.json,not_reported
DER++ (standard),EMBER,45,85.32917490728916,85.38010416619464,11.134074613527964,77.29475030529366,83.81764545449145,81.26091162685765,85.32917490728916,83.30465226679325,85.38010416619464,87.02926325630405,historical_outputs/derpp/ember/seed_45/full-result.json,cc81a3cf5307a8b8b86cb74aaf25032acc5b8fb9b00c6cd6d4731a0f65ec21b3,task_matrices/derpp__ember__seed_45.json,95f3df34d2b11a87350a72656409b8aabdda89dbdd5be7d49a75690426a1b637,task_matrices/derpp__ember__seed_45.json,V15.5,historical_outputs/derpp/ember/seed_45/full-result.json,historical_outputs/derpp/ember/seed_45/full-result.json,not_reported
protocol-matched adapted MalCL baseline,EMBER,45,32.935347638115196,63.55522034634655,19.610770902045303,41.960242666111085,43.17449753011494,47.60150075360461,32.935347638115196,44.16686446712556,63.555220346346566,49.03980998063458,historical_outputs/adapted_malcl/ember/seed_45/full-result.json,aeb3f953bcfdcff8ba473745a60fd4888581c1ddb36e63df21fa4508da2bfdc4,task_matrices/adapted_malcl__ember__seed_45.json,dcdb962967553c41e5a70d199bafb6ca4969751fcdd8629ad3d5f54cde307320,task_matrices/adapted_malcl__ember__seed_45.json,V15.5,historical_outputs/adapted_malcl/ember/seed_45/full-result.json,historical_outputs/adapted_malcl/ember/seed_45/full-result.json,not_reported
AHR-MalCL-HR (hybrid_random_buffer),EMBER,46,79.74227954639477,83.19592288676635,7.06598,71.74219793461515,80.48214541470325,79.62775795256955,79.74227272727272,79.3229319873012,83.19592288676635,84.13861109208972,historical_outputs/anchored_hr/ember/seed_46/full-result.json,9ea71a5d33b1e984a0bbbdcfd03b24b428cbbedaa381546ae4ac6fdab257558f,task_matrices/anchored_hr__ember__seed_46.json,1a74baa76046d6ac272dba269220f03205039ba379b32b348bcd5d2ff6b20937,task_matrices/anchored_hr__ember__seed_46.json,V15.5,historical_outputs/anchored_hr/ember/seed_46/full-result.json,historical_outputs/anchored_hr/ember/seed_46/full-result.json,historical_outputs/anchored_hr/ember/seed_46/full-result.json
ER (standard),EMBER,46,80.23324842127751,83.78734734470875,16.387640319471902,75.80119055007437,83.86353363009187,81.80966112953249,80.23324842127751,82.48872537384287,83.78734734470876,84.49109445587813,historical_outputs/er/ember/seed_46/full-result.json,b3bfa49d0a50d8350a7b618b3c7f6006f5514965761df44757d14f7960a765d9,task_matrices/er__ember__seed_46.json,be215530091ab6b835d2bf4e02d85ef9bc5847606edf99cca53a96c779b6fcc5,task_matrices/er__ember__seed_46.json,V15.5,historical_outputs/er/ember/seed_46/full-result.json,historical_outputs/er/ember/seed_46/full-result.json,not_reported
DER++ (standard),EMBER,46,81.46957187070126,84.3378381382114,14.704209157046805,77.02850008797442,85.11244224290662,82.88495011552176,81.46957187070126,84.23035841443152,84.3378381382114,85.05942099739515,historical_outputs/derpp/ember/seed_46/full-result.json,f304d29bc42ae26a73cde8d56d1a6478bc13b8556da560b2ce321441a32682f7,task_matrices/derpp__ember__seed_46.json,286f7ed8553ff734495ce1d1bc8d63193d276ec9d760f5fb1d2735979a15bb42,task_matrices/derpp__ember__seed_46.json,V15.5,historical_outputs/derpp/ember/seed_46/full-result.json,historical_outputs/derpp/ember/seed_46/full-result.json,not_reported
protocol-matched adapted MalCL baseline,EMBER,46,37.010305141122366,54.782091132983965,11.498841899808026,34.96587157815209,47.756674180903644,43.47151710895839,37.010305141122366,47.896392119629716,54.78209113298397,52.4489625153403,historical_outputs/adapted_malcl/ember/seed_46/full-result.json,85fa540936638d13e268d63e35ace4b2f5089125b84d826da02875092f336d83,task_matrices/adapted_malcl__ember__seed_46.json,c8a049077601414ca060c4c251ef7acaddedab9bbd0ee0009f6eb02ea6e4acdf,task_matrices/adapted_malcl__ember__seed_46.json,V15.5,historical_outputs/adapted_malcl/ember/seed_46/full-result.json,historical_outputs/adapted_malcl/ember/seed_46/full-result.json,not_reported
AHR-MalCL-HR (hybrid_random_buffer),EMBER,47,76.13695404522505,81.04228970888504,10.137730000000001,71.52487533557654,80.22339115312742,79.24180164212403,76.13695454545456,79.12116852005697,81.04228970888505,75.04683786632559,historical_outputs/anchored_hr/ember/seed_47/full-result.json,8f8277db43fbb70d8b03b4bd2b847fbdffffd193a7b50964b30671b472174f48,task_matrices/anchored_hr__ember__seed_47.json,e52ff057f731cb322a24bc4e74cd4b989795f981e3bfc02add7628b4cfa0c7f8,task_matrices/anchored_hr__ember__seed_47.json,V15.5,historical_outputs/anchored_hr/ember/seed_47/full-result.json,historical_outputs/anchored_hr/ember/seed_47/full-result.json,historical_outputs/anchored_hr/ember/seed_47/full-result.json
ER (standard),EMBER,47,79.73818741544719,82.44119003060437,17.422630067005546,76.60870863912555,84.36328220046909,81.31227721850345,79.73818741544719,83.8001424163304,82.44119003060437,77.07499688168808,historical_outputs/er/ember/seed_47/full-result.json,d8eba01bb46ef6eae8cdc6436e73bae261b7d04442c5a243eb1c311adb8ae6d9,task_matrices/er__ember__seed_47.json,44431f83fc8b620a1796b796c4e11814a0857a8834dd7ff615bb860bca46bb50,task_matrices/er__ember__seed_47.json,V15.5,historical_outputs/er/ember/seed_47/full-result.json,historical_outputs/er/ember/seed_47/full-result.json,not_reported
DER++ (standard),EMBER,47,80.68508956383556,83.12694019069386,16.116382955856288,77.38296992362972,85.08313655232632,81.87252549923214,80.68508956383556,84.45881794445764,83.12694019069386,78.518504520721,historical_outputs/derpp/ember/seed_47/full-result.json,baf2bb4c04fe3ede7e02f9ce39af0f1632e2d05cc5eabd958f8efcbc4456e413,task_matrices/derpp__ember__seed_47.json,1b82f40bca9f5fb53690efbfbb142e554c3a9e08a1b85a999e59cc38fded0181,task_matrices/derpp__ember__seed_47.json,V15.5,historical_outputs/derpp/ember/seed_47/full-result.json,historical_outputs/derpp/ember/seed_47/full-result.json,not_reported
protocol-matched adapted MalCL baseline,EMBER,47,26.57028939116014,55.05866996655479,21.19188874330274,36.94344858955189,39.14549439869739,42.3130902918138,26.57028939116014,40.17920721576074,55.05866996655477,36.892736123283996,historical_outputs/adapted_malcl/ember/seed_47/full-result.json,6e4359ad003244e0a0e8890d0f4fca7b15552fd859e0a4d10212c9a65478fe28,task_matrices/adapted_malcl__ember__seed_47.json,c7bafedc2727ff218ba5c65d7402eac9364728cf0ca4665988dad0ac6dd8c978,task_matrices/adapted_malcl__ember__seed_47.json,V15.5,historical_outputs/adapted_malcl/ember/seed_47/full-result.json,historical_outputs/adapted_malcl/ember/seed_47/full-result.json,not_reported
AHR-MalCL-HR (hybrid_random_buffer),EMBER,48,76.43013651319698,81.18431556540267,12.51642,72.39063138918515,81.08527798955316,79.88477705834018,76.43014545454545,79.38523208817945,81.18431556540268,80.19960595041321,historical_outputs/anchored_hr/ember/seed_48/full-result.json,9d6fedcfa7c2017da382169dd96b857146522b12cac59a3427f80527dff22acd,task_matrices/anchored_hr__ember__seed_48.json,9cfe887328440efaba75ca3d12bd7c9a6164f2cc5aa9ad91b0177e6ee00989a1,task_matrices/anchored_hr__ember__seed_48.json,V15.5,historical_outputs/anchored_hr/ember/seed_48/full-result.json,historical_outputs/anchored_hr/ember/seed_48/full-result.json,historical_outputs/anchored_hr/ember/seed_48/full-result.json
ER (standard),EMBER,48,78.74003935940027,83.38970325385208,19.029487653156917,76.24271059272232,84.37069716680993,82.39941299467831,78.74003935940027,82.96047946831237,83.38970325385206,81.81238260711899,historical_outputs/er/ember/seed_48/full-result.json,97b0b8f229ba7859f3df6a4c62381bf74aa51a1eacff34cc2ed57c7ffa973118,task_matrices/er__ember__seed_48.json,43c78e4bbcc11d2ef8b27fa07f34cdb52af9e5ead66dd6bd4a0f37466386d27a,task_matrices/er__ember__seed_48.json,V15.5,historical_outputs/er/ember/seed_48/full-result.json,historical_outputs/er/ember/seed_48/full-result.json,not_reported
DER++ (standard),EMBER,48,79.42588562570798,84.19796081855328,17.621149655851546,76.67497484684921,84.91650915268951,82.58184152353283,79.42588562570798,83.57464989318774,84.19796081855328,83.13490243215652,historical_outputs/derpp/ember/seed_48/full-result.json,593cef344476b1ab71db1379fe07e6848c6d2975e3bf2501bd13c544d3d465dc,task_matrices/derpp__ember__seed_48.json,85813535d79d09f4884b82df95a854d72f0e536980e0033f4e45a5718c374ec5,task_matrices/derpp__ember__seed_48.json,V15.5,historical_outputs/derpp/ember/seed_48/full-result.json,historical_outputs/derpp/ember/seed_48/full-result.json,not_reported
protocol-matched adapted MalCL baseline,EMBER,48,26.43494920292227,58.36934352390437,33.072868557996756,38.073901135760956,42.92775560729113,46.36026448668981,26.43494920292227,42.20270591027771,58.36934352390438,51.88970316706061,historical_outputs/adapted_malcl/ember/seed_48/full-result.json,85cc4dc30c1ff9f3824720a7009c2e950750ae45286510cbd6a344aab71ec9ce,task_matrices/adapted_malcl__ember__seed_48.json,305948e7f536dedba7301d009d4260c2c60cf0709e2901cf78e559df50e2c84b,task_matrices/adapted_malcl__ember__seed_48.json,V15.5,historical_outputs/adapted_malcl/ember/seed_48/full-result.json,historical_outputs/adapted_malcl/ember/seed_48/full-result.json,not_reported
AHR-MalCL-HR (hybrid_random_buffer),EMBER,49,81.51566121728823,81.3899998467275,7.06002,72.31681417708658,80.61517820252878,79.65583074671163,81.51566363636366,78.8511649121766,81.3899998467275,82.39270186737505,historical_outputs/anchored_hr/ember/seed_49/full-result.json,f86fab224069096a88ffa50fc6b9361ea0ea5f2bf408826199d38df702301b2c,task_matrices/anchored_hr__ember__seed_49.json,f5ffa737091a30288d351a4eedc17eb5cfe0f0e2cad1fca9505a8d1b6745ce6e,task_matrices/anchored_hr__ember__seed_49.json,V15.5,historical_outputs/anchored_hr/ember/seed_49/full-result.json,historical_outputs/anchored_hr/ember/seed_49/full-result.json,historical_outputs/anchored_hr/ember/seed_49/full-result.json
ER (standard),EMBER,49,83.36705739352401,83.40938212714758,13.384593305197798,74.95718143039154,83.80470130044208,81.14663446724965,83.36705739352402,82.63707571801567,83.40938212714758,83.91912934666475,historical_outputs/er/ember/seed_49/full-result.json,a7d60b3a8e59acb01624c9f6507e3d55e077df66a9869f10443b68baa0aca29d,task_matrices/er__ember__seed_49.json,30df971658c0c65865164c19305092abbe1e380515e9f194790884cfe6384aa6,task_matrices/er__ember__seed_49.json,V15.5,historical_outputs/er/ember/seed_49/full-result.json,historical_outputs/er/ember/seed_49/full-result.json,not_reported
DER++ (standard),EMBER,49,84.05035660292452,83.16666973604246,12.337658273725438,75.45675274482399,84.56358277545077,81.28627603724183,84.05035660292452,83.61322098267267,83.16666973604248,84.59326260318426,historical_outputs/derpp/ember/seed_49/full-result.json,064d0f74528bf2a6f98f3d28686f075f0da49e186d933852d9e9b3a2ba219a66,task_matrices/derpp__ember__seed_49.json,fd0d4b7cc099c69a465f99e6a121c0eafa2abecac125a23c9df688856a136f34,task_matrices/derpp__ember__seed_49.json,V15.5,historical_outputs/derpp/ember/seed_49/full-result.json,historical_outputs/derpp/ember/seed_49/full-result.json,not_reported
protocol-matched adapted MalCL baseline,EMBER,49,45.477858360621745,59.06979214684789,19.469842522509374,41.09994214155024,54.22805789640513,50.31786870088971,45.477858360621745,53.51293615001187,59.06979214684789,55.36298790831133,historical_outputs/adapted_malcl/ember/seed_49/full-result.json,bdf89d2d925995a1260e7a177e3784365f74445ceca002ecb1763017d0f6f98a,task_matrices/adapted_malcl__ember__seed_49.json,61c74f46409ee9c1975caacfe1cf787306a9173521498b19e208c0cceddf25d6,task_matrices/adapted_malcl__ember__seed_49.json,V15.5,historical_outputs/adapted_malcl/ember/seed_49/full-result.json,historical_outputs/adapted_malcl/ember/seed_49/full-result.json,not_reported
AHR-MalCL-HR (hybrid_random_buffer),EMBER,50,75.75166813737677,84.12668767835557,11.29419,72.03972939861735,80.49151522016729,80.28952767464462,75.75165454545453,78.95500028186567,84.12668767835557,82.04927346156369,historical_outputs/anchored_hr/ember/seed_50/full-result.json,e93ac1d65fdebbd055d469186c2de75aad8b7179d96501f8ae817aca30487e38,task_matrices/anchored_hr__ember__seed_50.json,e09448af9d704a49bd6ec7795b6dfcb10a07a375b585b8e3efb601047cfa5ed1,task_matrices/anchored_hr__ember__seed_50.json,V15.5,historical_outputs/anchored_hr/ember/seed_50/full-result.json,historical_outputs/anchored_hr/ember/seed_50/full-result.json,historical_outputs/anchored_hr/ember/seed_50/full-result.json
ER (standard),EMBER,50,78.9457584716812,83.8481702271679,18.22009973233445,76.47729063131654,83.70040794129096,80.40356762089196,78.9457584716812,81.80334678376454,83.8481702271679,82.2781975383121,historical_outputs/er/ember/seed_50/full-result.json,56b40fb8a448b870eecf660049b836ee30915a94a2f2ebad043da106a61f9cb7,task_matrices/er__ember__seed_50.json,6f2f2b9fbd4842a811b2d2140ebee6152ef4084274fb49d9af8aefc23f0918be,task_matrices/er__ember__seed_50.json,V15.5,historical_outputs/er/ember/seed_50/full-result.json,historical_outputs/er/ember/seed_50/full-result.json,not_reported
DER++ (standard),EMBER,50,80.03661633789395,84.44668204159196,16.504678044116794,77.26569805556893,84.64643677891517,81.12382557395172,80.03661633789393,82.96938048896273,84.44668204159196,83.16865382309862,historical_outputs/derpp/ember/seed_50/full-result.json,cfdefefb63746dc317903efef0685dc28f101a25524e595e7edf3422eef81192,task_matrices/derpp__ember__seed_50.json,a10ee10a6a57083c90aba64cb2acba3c56c6eb093837df238115e62113243f29,task_matrices/derpp__ember__seed_50.json,V15.5,historical_outputs/derpp/ember/seed_50/full-result.json,historical_outputs/derpp/ember/seed_50/full-result.json,not_reported
protocol-matched adapted MalCL baseline,EMBER,50,37.979230211297725,60.013235321673186,15.611685305715554,40.835474470713876,50.53134880165867,48.06569031932976,37.979230211297725,51.756468075005934,60.01323532167319,51.37570988599065,historical_outputs/adapted_malcl/ember/seed_50/full-result.json,9e473b15da369a68cbb5bba2d77308993727a9088c8ea50e49f905e82dad8fc2,task_matrices/adapted_malcl__ember__seed_50.json,311fafed42090a33882987818bd726dc555e395fe5e3930e29a22f05b3e93308,task_matrices/adapted_malcl__ember__seed_50.json,V15.5,historical_outputs/adapted_malcl/ember/seed_50/full-result.json,historical_outputs/adapted_malcl/ember/seed_50/full-result.json,not_reported
AHR-MalCL-HR (hybrid_random_buffer),EMBER,51,78.8722830063903,84.22754201890953,9.304050000000002,71.08472350735575,80.39835868317255,78.8012496549361,78.8722818181818,78.5188518988844,84.22754201890952,83.97974695461104,historical_outputs/anchored_hr/ember/seed_51/full-result.json,9fcc4591fb22758d0622d3a8659c818e8dcad175b2a719b0c6427bab56825077,task_matrices/anchored_hr__ember__seed_51.json,2f2a6f46004e31b0d2581ff7b47138c4e0e2ac9f68eabc9007bd590ef155d653,task_matrices/anchored_hr__ember__seed_51.json,V15.5,historical_outputs/anchored_hr/ember/seed_51/full-result.json,historical_outputs/anchored_hr/ember/seed_51/full-result.json,historical_outputs/anchored_hr/ember/seed_51/full-result.json
ER (standard),EMBER,51,80.61900766607967,83.24590258690954,17.091124228420135,75.07582380980973,83.85449189695986,82.22755242655954,80.61900766607967,82.94564443389508,83.24590258690955,83.47248618691664,historical_outputs/er/ember/seed_51/full-result.json,18c2b695d3fc5166f3cbdbadc9513de26fdceba1496ee1139598594aadf876e6,task_matrices/er__ember__seed_51.json,c95f91b7954aae2309c17553a14aae1ffb43a2691005ccc53b0f25acebc6e0e3,task_matrices/er__ember__seed_51.json,V15.5,historical_outputs/er/ember/seed_51/full-result.json,historical_outputs/er/ember/seed_51/full-result.json,not_reported
DER++ (standard),EMBER,51,79.36385546690443,83.72109159585158,18.15170371011806,75.91107265840711,81.84903093670741,82.59015368680633,79.36385546690443,81.39686684073108,83.72109159585156,84.36770191713843,historical_outputs/derpp/ember/seed_51/full-result.json,1f682542fda53137d6b9a3ba9b3fbc2ff855d18760dd0b0266d65f47b203838b,task_matrices/derpp__ember__seed_51.json,a448448381e2bf2c3a90d49937921348d06e919250562342d5669e0dda5bc745,task_matrices/derpp__ember__seed_51.json,V15.5,historical_outputs/derpp/ember/seed_51/full-result.json,historical_outputs/derpp/ember/seed_51/full-result.json,not_reported
protocol-matched adapted MalCL baseline,EMBER,51,47.50338141761271,65.24277504947297,10.94162105899698,44.755722269391946,59.616626978584094,51.83810573992365,47.50338141761271,58.76157132684548,65.24277504947298,60.33498057600662,historical_outputs/adapted_malcl/ember/seed_51/full-result.json,30b9109796f6b87046c7eaf6e7f5cbcf053d2807c6ccdf6ba56e5029e428136f,task_matrices/adapted_malcl__ember__seed_51.json,afbe9b26124658ac82b540fa2cb1df493afd79bdc1b38e7d7bc99e18cc983a0e,task_matrices/adapted_malcl__ember__seed_51.json,V15.5,historical_outputs/adapted_malcl/ember/seed_51/full-result.json,historical_outputs/adapted_malcl/ember/seed_51/full-result.json,not_reported
AHR-MalCL-HR (hybrid_random_buffer),AZ-Class,42,72.83873519348619,75.85797391562461,9.87489,66.38206944923604,70.1538550546022,82.85756341837501,72.83874545454545,69.42819655099967,75.85797391562461,79.84973045618523,historical_outputs/anchored_hr/az_class/seed_42/full-result.json,fbec63f32d9a3e7159bc33d6847bdcefaeea9fa88ac3faf337440d4075fa78e4,task_matrices/anchored_hr__az_class__seed_42.json,1d223c8eaa137e96537b29914c2ff4bbe7b086ccc2368f5da03fab160eb9541d,task_matrices/anchored_hr__az_class__seed_42.json,V15.5,historical_outputs/anchored_hr/az_class/seed_42/full-result.json,historical_outputs/anchored_hr/az_class/seed_42/full-result.json,historical_outputs/anchored_hr/az_class/seed_42/full-result.json
ER (standard),AZ-Class,42,73.00228386359534,72.45678423184496,25.75123090458175,72.31151577060531,71.04153205655157,78.53103370572947,73.00228386359534,69.22511292412199,72.45678423184495,77.4087335053165,historical_outputs/er/az_class/seed_42/full-result.json,4303c371ddc1094a6bdf8583589cb2710f12370adf99e5295f919b8297d77c43,task_matrices/er__az_class__seed_42.json,1d9f9fbda754c071945bfe4a2dee09bc360ad463a3db09cb08ce66c3d6ca45df,task_matrices/er__az_class__seed_42.json,V15.5,historical_outputs/er/az_class/seed_42/full-result.json,historical_outputs/er/az_class/seed_42/full-result.json,not_reported
DER++ (standard),AZ-Class,42,73.46425518046212,71.45792607901468,25.265701626741166,72.37159842157885,71.61769324437057,79.12063034778484,73.46425518046212,70.12850590006653,71.45792607901468,76.76390308149612,historical_outputs/derpp/az_class/seed_42/full-result.json,83010979856a386342abccea5443186098eff82fc967dbcb56dda61fb5fdb8e8,task_matrices/derpp__az_class__seed_42.json,1715671bee74f1ab455782635153ff08a5e43029935a8712db747d558b4e926e,task_matrices/derpp__az_class__seed_42.json,V15.5,historical_outputs/derpp/az_class/seed_42/full-result.json,historical_outputs/derpp/az_class/seed_42/full-result.json,not_reported
protocol-matched adapted MalCL baseline,AZ-Class,42,37.57917978418698,40.04000980130101,13.802379591598314,34.74731349925126,32.8372756608885,45.47999188316822,37.57917978418698,35.53345705381841,40.04000980130101,44.521699045908036,historical_outputs/adapted_malcl/az_class/seed_42/full-result.json,63964c86de544cf4413c1e659bc3d42be34bd4fbfc85116ee12b5e35d4f19ee9,task_matrices/adapted_malcl__az_class__seed_42.json,975cfb2051df335c7d186edbc0fb148ee9e01d436582a5051829cc9fdcf69b03,task_matrices/adapted_malcl__az_class__seed_42.json,V15.5,historical_outputs/adapted_malcl/az_class/seed_42/full-result.json,historical_outputs/adapted_malcl/az_class/seed_42/full-result.json,not_reported
AHR-MalCL-HR (hybrid_random_buffer),AZ-Class,43,74.7509802495242,74.93004578947047,7.792500000000005,67.81164512983428,72.02082334337632,83.51603147915407,74.75097272727272,71.3960661507756,74.93004578947046,76.0470251721763,historical_outputs/anchored_hr/az_class/seed_43/full-result.json,94d9c595b253dc079d43a804df29b968388e32998027bb21fd8d315ed5053d93,task_matrices/anchored_hr__az_class__seed_43.json,744a47f9a4e13cbba8ade5828c731ebaa600fbea1dbd23ec019f9eafb2db4a23,task_matrices/anchored_hr__az_class__seed_43.json,V15.5,historical_outputs/anchored_hr/az_class/seed_43/full-result.json,historical_outputs/anchored_hr/az_class/seed_43/full-result.json,historical_outputs/anchored_hr/az_class/seed_43/full-result.json
ER (standard),AZ-Class,43,72.08354287717775,75.70229532888945,26.578120844018592,66.67384638722119,71.70660530360611,80.648271442262,72.08354287717775,70.8113029167688,75.70229532888945,77.41498547299214,historical_outputs/er/az_class/seed_43/full-result.json,9a451983fcf1a506b06986d93630e339886f9cb8ec2569b345f5a839a6541e59,task_matrices/er__az_class__seed_43.json,5aa5d7113ed4921fcc9609251e8d5dc7b2076cb1bbc48ca300e7cf8782ed4938,task_matrices/er__az_class__seed_43.json,V15.5,historical_outputs/er/az_class/seed_43/full-result.json,historical_outputs/er/az_class/seed_43/full-result.json,not_reported
DER++ (standard),AZ-Class,43,74.18562525847037,76.44996280008617,23.94665587245522,66.94651980985687,72.96149154940655,81.79997845317334,74.18562525847037,71.84425224972864,76.44996280008618,78.83928848275816,historical_outputs/derpp/az_class/seed_43/full-result.json,7707a5957b028548ff6182278402e0a3429eea738abe539661b2626236b85e00,task_matrices/derpp__az_class__seed_43.json,95aad7596752cc0b07b4ec058c3abccca24efb409b10fbb70b3348aca5a7cd8a,task_matrices/derpp__az_class__seed_43.json,V15.5,historical_outputs/derpp/az_class/seed_43/full-result.json,historical_outputs/derpp/az_class/seed_43/full-result.json,not_reported
protocol-matched adapted MalCL baseline,AZ-Class,43,26.668717382127976,39.88800450266346,7.378770469050259,32.131623282965215,34.768740787748385,44.90875628174091,26.668717382127976,35.33387023355159,39.888004502663456,40.610305383147605,historical_outputs/adapted_malcl/az_class/seed_43/full-result.json,01725214cedd4eeaa15c205701820da83ad31b9306fff7673ead3b472d01e609,task_matrices/adapted_malcl__az_class__seed_43.json,81cee401f077fb692e408eae702a00fdc9b73322c3317defcfb0c164ce3c8f73,task_matrices/adapted_malcl__az_class__seed_43.json,V15.5,historical_outputs/adapted_malcl/az_class/seed_43/full-result.json,historical_outputs/adapted_malcl/az_class/seed_43/full-result.json,not_reported
AHR-MalCL-HR (hybrid_random_buffer),AZ-Class,44,74.79624265449895,76.72197748226635,7.50348,67.93185301303976,71.43605075477201,83.37593429685971,74.79624545454546,71.32952378234532,76.72197748226635,81.3970011163584,historical_outputs/anchored_hr/az_class/seed_44/full-result.json,87b5c162b66a9f15978ae23161cbf0a71aa3ec48972e6c618da63fb0cf956fdf,task_matrices/anchored_hr__az_class__seed_44.json,2f15e59a523aa4c9624de5856527b40cb244e3a1d4c1ad0407fce1f280e86854,task_matrices/anchored_hr__az_class__seed_44.json,V15.5,historical_outputs/anchored_hr/az_class/seed_44/full-result.json,historical_outputs/anchored_hr/az_class/seed_44/full-result.json,historical_outputs/anchored_hr/az_class/seed_44/full-result.json
ER (standard),AZ-Class,44,75.47152567466985,77.58416107417622,22.709865825615687,71.93437407786539,74.18598388233698,84.69325613823538,75.47152567466985,74.68748905774012,77.58416107417621,81.93643476506362,historical_outputs/er/az_class/seed_44/full-result.json,592d94ecefcf96622f1280ae0c78bd5c19e1b3b1b4b8ece01461c3e7d0fdc206,task_matrices/er__az_class__seed_44.json,047add175709c0cb3ed6a30f38697f30e16226826db9773c94a168f6bc131d54,task_matrices/er__az_class__seed_44.json,V15.5,historical_outputs/er/az_class/seed_44/full-result.json,historical_outputs/er/az_class/seed_44/full-result.json,not_reported
DER++ (standard),AZ-Class,44,76.16855320341574,78.58217806153006,22.181356056115114,72.48873358122006,74.792863456894,84.69445750030773,76.16855320341574,75.27224342589027,78.58217806153006,82.89611772410579,historical_outputs/derpp/az_class/seed_44/full-result.json,e6f316daaea35dea0a21e3eb30c08f34942749473603afe1983bc645263c3e23,task_matrices/derpp__az_class__seed_44.json,1755b812e02db094e92009b57aa1a5967268f8da8a0766d4ff08c530ac70a868,task_matrices/derpp__az_class__seed_44.json,V15.5,historical_outputs/derpp/az_class/seed_44/full-result.json,historical_outputs/derpp/az_class/seed_44/full-result.json,not_reported
protocol-matched adapted MalCL baseline,AZ-Class,44,25.522210407502318,47.55152152422275,16.712284014760343,35.16177711109092,39.28060092052284,46.455937360322054,25.522210407502318,40.453097097237304,47.551521524222764,33.44790358880284,historical_outputs/adapted_malcl/az_class/seed_44/full-result.json,e4b5f9278b7df2ba7ce47be553dc575df61ce6f7280af315ce9eb26a4fb47ad0,task_matrices/adapted_malcl__az_class__seed_44.json,d9282dc2631110a260f5980fcd59fa303f615a279f36b7d4d7a0f4467a9e018d,task_matrices/adapted_malcl__az_class__seed_44.json,V15.5,historical_outputs/adapted_malcl/az_class/seed_44/full-result.json,historical_outputs/adapted_malcl/az_class/seed_44/full-result.json,not_reported
AHR-MalCL-HR (hybrid_random_buffer),AZ-Class,45,73.2935822905786,77.41134386216817,8.188270000000001,68.18523765079041,71.74700980045489,84.44721903431223,73.29359090909091,71.63768404706047,77.41134386216817,81.52725081136035,historical_outputs/anchored_hr/az_class/seed_45/full-result.json,59c9d3f635de0ea7ac70fad9065db8abc3719875c50d0838b62f6be0bb0cf031,task_matrices/anchored_hr__az_class__seed_45.json,0574fe8de6df0927057d097d6b8f3a70edf1eac8df1440a163951980b689ea4f,task_matrices/anchored_hr__az_class__seed_45.json,V15.5,historical_outputs/anchored_hr/az_class/seed_45/full-result.json,historical_outputs/anchored_hr/az_class/seed_45/full-result.json,historical_outputs/anchored_hr/az_class/seed_45/full-result.json
ER (standard),AZ-Class,45,67.51284615602265,75.58106218833316,32.20419201245595,70.01147107736455,68.03831058796248,77.52649637610565,67.51284615602265,67.06467313281277,75.58106218833316,81.11065510828531,historical_outputs/er/az_class/seed_45/full-result.json,313021954a73696b20627a1ceab0a03f19718c3040bd5c0382ab2d5d2b4d15bc,task_matrices/er__az_class__seed_45.json,feb028b7cd0bce4b5dedf675236bc50030684ef156ed73ae63baea0a22b280b0,task_matrices/er__az_class__seed_45.json,V15.5,historical_outputs/er/az_class/seed_45/full-result.json,historical_outputs/er/az_class/seed_45/full-result.json,not_reported
DER++ (standard),AZ-Class,45,61.150384841085724,74.71056190216214,39.144294118207924,68.45988304376382,65.50131448285114,73.12688688729425,61.15038484108572,63.563149970237056,74.71056190216215,80.49469737868438,historical_outputs/derpp/az_class/seed_45/full-result.json,7db573dceef53f2a5ebe8bf2e757f8596b668dc926b8895ec1bcf32b538326de,task_matrices/derpp__az_class__seed_45.json,7a76887653448b9d2d07751d24fd436293bef0a2a59d6ea1d779c614e5aaeabc,task_matrices/derpp__az_class__seed_45.json,V15.5,historical_outputs/derpp/az_class/seed_45/full-result.json,historical_outputs/derpp/az_class/seed_45/full-result.json,not_reported
protocol-matched adapted MalCL baseline,AZ-Class,45,29.004630231228806,39.55008186187632,23.094130239430243,33.099225150588104,32.00709854524108,41.574937027239805,29.004630231228806,32.32956336006163,39.55008186187633,37.26455138078381,historical_outputs/adapted_malcl/az_class/seed_45/full-result.json,90691ce8e073571679dd95678650604b4cb58d3467123a42eaf95e21c6790f1a,task_matrices/adapted_malcl__az_class__seed_45.json,0e322c93da9bf903776de888d9c0faff6bfca43f13ee818a52795c248dfab668,task_matrices/adapted_malcl__az_class__seed_45.json,V15.5,historical_outputs/adapted_malcl/az_class/seed_45/full-result.json,historical_outputs/adapted_malcl/az_class/seed_45/full-result.json,not_reported
AHR-MalCL-HR (hybrid_random_buffer),AZ-Class,46,75.88953437104986,73.89551937768464,8.813810000000002,67.08928095771715,71.25520764828012,83.18227327030237,75.88953636363637,70.96888247837809,73.89551937768464,77.99655964056144,historical_outputs/anchored_hr/az_class/seed_46/full-result.json,777575f00383bf01f97fbdb77b0ea36c9e6af9f71f13560be6b51e9feb989617,task_matrices/anchored_hr__az_class__seed_46.json,0a01296149d831afeb414298835397ec5654a353a1bcbb00fdfbedfa91417a1d,task_matrices/anchored_hr__az_class__seed_46.json,V15.5,historical_outputs/anchored_hr/az_class/seed_46/full-result.json,historical_outputs/anchored_hr/az_class/seed_46/full-result.json,historical_outputs/anchored_hr/az_class/seed_46/full-result.json
ER (standard),AZ-Class,46,78.80831208732248,75.22211633563049,19.690447705429754,70.28768744521656,72.75462520145723,83.6205002546014,78.80831208732248,73.26937217689695,75.22211633563049,80.03297200083308,historical_outputs/er/az_class/seed_46/full-result.json,f307d08ad01d3067a01605947df1ad36e0e1243240853e29f78233c1956cc1b7,task_matrices/er__az_class__seed_46.json,0616301670bbe8437739ed16ea1df3584087ff54283baf8ff9f0a44b5e675e8f,task_matrices/er__az_class__seed_46.json,V15.5,historical_outputs/er/az_class/seed_46/full-result.json,historical_outputs/er/az_class/seed_46/full-result.json,not_reported
DER++ (standard),AZ-Class,46,80.27111311980953,74.12496023376899,17.881296496784778,70.71494943277577,73.34646088612313,84.28300487454334,80.27111311980953,74.15875906019119,74.12496023376899,80.041813004462,historical_outputs/derpp/az_class/seed_46/full-result.json,32ffb3d36a8889e8ffa1053829b3bb1a7f14fcdf116726731eb3c79bd4476a05,task_matrices/derpp__az_class__seed_46.json,5da12c920db218d7ee42291be53d9bb15caa9d33ada113836ae6a5c32d34bbe1,task_matrices/derpp__az_class__seed_46.json,V15.5,historical_outputs/derpp/az_class/seed_46/full-result.json,historical_outputs/derpp/az_class/seed_46/full-result.json,not_reported
protocol-matched adapted MalCL baseline,AZ-Class,46,32.007570029745494,47.80314759275813,10.355887110991741,37.36288014755007,39.3547120746228,50.578808842228916,32.007570029745494,39.46216604222837,47.80314759275813,39.512532910743154,historical_outputs/adapted_malcl/az_class/seed_46/full-result.json,a3678f63d99b4832b0e0447ac09f2146a6ace15550dc1c2a94e0dbef944d9d62,task_matrices/adapted_malcl__az_class__seed_46.json,4ed5f88d13b056335de164a2079bd07d6b297894bcf52de55724f0b239034fb4,task_matrices/adapted_malcl__az_class__seed_46.json,V15.5,historical_outputs/adapted_malcl/az_class/seed_46/full-result.json,historical_outputs/adapted_malcl/az_class/seed_46/full-result.json,not_reported
AHR-MalCL-HR (hybrid_random_buffer),AZ-Class,47,71.49122182870579,76.68362328204599,10.665750000000001,67.99011347658954,71.57754675811479,83.90096706996201,71.49121818181818,71.45207801393606,76.683623282046,77.82851073297915,historical_outputs/anchored_hr/az_class/seed_47/full-result.json,93814b6d3a388f5efd3d5e9a8316cdda370fba61cf4b81cee4e4b05f122a3e4e,task_matrices/anchored_hr__az_class__seed_47.json,42da22dda223725c23af3bd9d3ababc860147cb5acfc16ba1f074ec86ffaa3bc,task_matrices/anchored_hr__az_class__seed_47.json,V15.5,historical_outputs/anchored_hr/az_class/seed_47/full-result.json,historical_outputs/anchored_hr/az_class/seed_47/full-result.json,historical_outputs/anchored_hr/az_class/seed_47/full-result.json
ER (standard),AZ-Class,47,73.27544478835505,78.60950594177758,26.099148743690332,70.69138975200673,72.50333216449152,84.65809101750943,73.27544478835505,72.15588781119787,78.60950594177758,81.17690628288034,historical_outputs/er/az_class/seed_47/full-result.json,72c735d24f8bee114479f4d2580fa63d2c9d84a6888fde346e7b4cd15d60e0b8,task_matrices/er__az_class__seed_47.json,9a1fd655fec23628acdb30d5825813313595c214613f1b4e806897c661ccbf84,task_matrices/er__az_class__seed_47.json,V15.5,historical_outputs/er/az_class/seed_47/full-result.json,historical_outputs/er/az_class/seed_47/full-result.json,not_reported
DER++ (standard),AZ-Class,47,74.47918094236505,79.05478026377683,24.602013899679996,71.77262348019197,73.38756835110387,85.33017562664595,74.47918094236505,73.27287370005952,79.05478026377683,82.07899016404713,historical_outputs/derpp/az_class/seed_47/full-result.json,82f42682840b082d14f46fff530106f88497846ccfe612c6539b5b4e2d0eda9e,task_matrices/derpp__az_class__seed_47.json,8e21d83297188e40048bcfc4822f28830c143291ef2908a4fd4ddf2c36d93cfe,task_matrices/derpp__az_class__seed_47.json,V15.5,historical_outputs/derpp/az_class/seed_47/full-result.json,historical_outputs/derpp/az_class/seed_47/full-result.json,not_reported
protocol-matched adapted MalCL baseline,AZ-Class,47,27.586638196957136,47.75332741789485,20.775376626318955,37.94988237308696,33.37042781490642,48.54660705926713,27.586638196957136,34.88217374557932,47.753327417894845,44.974508253690495,historical_outputs/adapted_malcl/az_class/seed_47/full-result.json,f067172cefddc6ed14e18e3bfdb4116776b0fcaeeeb6047417cb4169c22f08ac,task_matrices/adapted_malcl__az_class__seed_47.json,732653b0cfb0fbb00462349bdef74711bba5e9a5b83c479920c73de0ba91baaa,task_matrices/adapted_malcl__az_class__seed_47.json,V15.5,historical_outputs/adapted_malcl/az_class/seed_47/full-result.json,historical_outputs/adapted_malcl/az_class/seed_47/full-result.json,not_reported
AHR-MalCL-HR (hybrid_random_buffer),AZ-Class,48,76.42847766483371,74.82939070311363,7.457269999999997,67.66846578913282,71.84082954305882,84.04467751882041,76.42848181818184,71.44856357715607,74.82939070311362,76.25825300800209,historical_outputs/anchored_hr/az_class/seed_48/full-result.json,dd70f8cba28374e5a000c9ce4dec876dd1a0a19b134457de0abbd773b7f388fe,task_matrices/anchored_hr__az_class__seed_48.json,b37bc06d9d470022ee56327b057f39d160e9e8d48c093751ae5295fe1e6a92bf,task_matrices/anchored_hr__az_class__seed_48.json,V15.5,historical_outputs/anchored_hr/az_class/seed_48/full-result.json,historical_outputs/anchored_hr/az_class/seed_48/full-result.json,historical_outputs/anchored_hr/az_class/seed_48/full-result.json
ER (standard),AZ-Class,48,79.8063330593449,76.20761347978731,18.471635626426448,71.79063679328054,75.99981052260597,85.91524303561867,79.8063330593449,75.89201302566616,76.20761347978734,78.01922819854691,historical_outputs/er/az_class/seed_48/full-result.json,435d0c2776e9f94ab2b70165e70919aa76494d658bbc2e9aae76550a7dc3882d,task_matrices/er__az_class__seed_48.json,fda23ffd6caa82b9eecd0d00e9a98fc82bef960304d66a63d88428f23304fae1,task_matrices/er__az_class__seed_48.json,V15.5,historical_outputs/er/az_class/seed_48/full-result.json,historical_outputs/er/az_class/seed_48/full-result.json,not_reported
DER++ (standard),AZ-Class,48,81.54349888347733,76.9188007099606,16.23243401264742,72.3174367975481,76.39626691147909,86.3322710033771,81.54349888347731,76.46976434749115,76.9188007099606,80.0832556913109,historical_outputs/derpp/az_class/seed_48/full-result.json,be93de02e30a09f8deb3e26ab72ef354be4c1f45f04618a6049f83608f402a66,task_matrices/derpp__az_class__seed_48.json,0dee398c91dff673a9da881471dc837d287761b4966d961b96e718dc6388db0a,task_matrices/derpp__az_class__seed_48.json,V15.5,historical_outputs/derpp/az_class/seed_48/full-result.json,historical_outputs/derpp/az_class/seed_48/full-result.json,not_reported
protocol-matched adapted MalCL baseline,AZ-Class,48,25.395163407392467,45.79377399252613,9.632326237094336,35.78773993600561,38.06910461569222,48.7949202223538,25.395163407392467,39.115515249133374,45.79377399252613,28.963770687551893,historical_outputs/adapted_malcl/az_class/seed_48/full-result.json,404701c1cdf2e03eb870c16eac85494b51570af797a67e9025d706b1325e84b7,task_matrices/adapted_malcl__az_class__seed_48.json,ec8ec09d6195b0d730e89244b08bf646d6861c9b746ce7c1e52c1d20c6e07e4d,task_matrices/adapted_malcl__az_class__seed_48.json,V15.5,historical_outputs/adapted_malcl/az_class/seed_48/full-result.json,historical_outputs/adapted_malcl/az_class/seed_48/full-result.json,not_reported
AHR-MalCL-HR (hybrid_random_buffer),AZ-Class,49,70.63514920506762,76.04804615229259,10.538040000000004,67.33719876395786,70.85173418649786,83.44447229575634,70.63515454545454,70.67475218670121,76.0480461522926,75.62933832808605,historical_outputs/anchored_hr/az_class/seed_49/full-result.json,a7a6f0655c38cfa6ef522a6154bec70a2e8f7d1a7ca6404d3d9a6541c18f468a,task_matrices/anchored_hr__az_class__seed_49.json,72639367e33fe60f29e00c42c5759220393e71cf49e98815b83dd8a2610dd3c6,task_matrices/anchored_hr__az_class__seed_49.json,V15.5,historical_outputs/anchored_hr/az_class/seed_49/full-result.json,historical_outputs/anchored_hr/az_class/seed_49/full-result.json,historical_outputs/anchored_hr/az_class/seed_49/full-result.json
ER (standard),AZ-Class,49,75.041039328691,75.04553037989292,24.4809462693874,71.73734033022059,74.12945302025823,85.7208890870376,75.041039328691,74.4178717742218,75.04553037989291,76.68723542104175,historical_outputs/er/az_class/seed_49/full-result.json,c40f86f7b530d84940b498f39b9b083347a4610b0e98d80fec2b6e78d18b9835,task_matrices/er__az_class__seed_49.json,ba1d71e841b2e1c3513ce765b663429e3f3205d7008933e627306dec91f9ed58,task_matrices/er__az_class__seed_49.json,V15.5,historical_outputs/er/az_class/seed_49/full-result.json,historical_outputs/er/az_class/seed_49/full-result.json,not_reported
DER++ (standard),AZ-Class,49,76.95327258100568,71.98962380481227,22.232255165369256,72.50137480586656,75.06180559901439,86.14101159432575,76.95327258100569,75.47183024615708,71.98962380481227,75.14533481962411,historical_outputs/derpp/az_class/seed_49/full-result.json,42e851f98e62b83d159ad05fd5d672235c8225c82e5c1de5933e548874f1a2e7,task_matrices/derpp__az_class__seed_49.json,773586d813924b581454f3df3e1215593bed44aee65b355a7f846b6e87cfa1b4,task_matrices/derpp__az_class__seed_49.json,V15.5,historical_outputs/derpp/az_class/seed_49/full-result.json,historical_outputs/derpp/az_class/seed_49/full-result.json,not_reported
protocol-matched adapted MalCL baseline,AZ-Class,49,31.870390571514772,45.5843231703657,19.555911294585087,37.94621553969034,38.115983910131376,48.55993983014336,31.870390571514772,38.84939948877762,45.5843231703657,40.3121768460697,historical_outputs/adapted_malcl/az_class/seed_49/full-result.json,61be2bd37defeea0edc6772f49b775b6f3b356b04bd4573af06ecc7a528c15ca,task_matrices/adapted_malcl__az_class__seed_49.json,e85d463ff6cc69329b40f4e92bbd5d20497f4eaca35a327cb757d9ee8374b303,task_matrices/adapted_malcl__az_class__seed_49.json,V15.5,historical_outputs/adapted_malcl/az_class/seed_49/full-result.json,historical_outputs/adapted_malcl/az_class/seed_49/full-result.json,not_reported
AHR-MalCL-HR (hybrid_random_buffer),AZ-Class,50,70.13122177602533,79.20645017561871,8.995709999999999,67.71273570185392,71.64554005774471,83.70574498079405,70.13121818181818,71.43806323750832,79.20645017561873,76.48100401580743,historical_outputs/anchored_hr/az_class/seed_50/full-result.json,d34b859d3d48e1f99335c51f28fd0240ff3baeeeea51cbbe13c362843dbe5981,task_matrices/anchored_hr__az_class__seed_50.json,21590dba4bbe6335aff96da6a97b2e2f0659afc2c7780ed399587a08dbbebd96,task_matrices/anchored_hr__az_class__seed_50.json,V15.5,historical_outputs/anchored_hr/az_class/seed_50/full-result.json,historical_outputs/anchored_hr/az_class/seed_50/full-result.json,historical_outputs/anchored_hr/az_class/seed_50/full-result.json
ER (standard),AZ-Class,50,68.31510765880185,78.12129724445953,31.229127475202134,71.19890480517893,70.00949053247724,83.12753103460541,68.31510765880185,71.45208165552015,78.12129724445951,76.71905046485408,historical_outputs/er/az_class/seed_50/full-result.json,655826f69948212fea8217ee4a71d7a01d061ebdf362bce86647b22dc076409a,task_matrices/er__az_class__seed_50.json,807add53752e88176b04b26087f833080f406c302c5af170f943d76b20e55e5a,task_matrices/er__az_class__seed_50.json,V15.5,historical_outputs/er/az_class/seed_50/full-result.json,historical_outputs/er/az_class/seed_50/full-result.json,not_reported
DER++ (standard),AZ-Class,50,58.56652201473898,77.29440028942498,42.04394269928752,68.05707723628255,61.101663719017715,74.87271681289187,58.56652201473898,61.553275674918595,77.29440028942497,76.53626959201868,historical_outputs/derpp/az_class/seed_50/full-result.json,aef59182c89d032ad1a7ab9d3dd45945c3024738f8c626995baa356f68a78022,task_matrices/derpp__az_class__seed_50.json,88413d9fa633de8d77eb7cb9fc505a5da69b7748d0ced6d7d4e4a06fe3ce9989,task_matrices/derpp__az_class__seed_50.json,V15.5,historical_outputs/derpp/az_class/seed_50/full-result.json,historical_outputs/derpp/az_class/seed_50/full-result.json,not_reported
protocol-matched adapted MalCL baseline,AZ-Class,50,24.133211364098837,48.00836311707769,21.753337776967832,33.719667242520096,35.27045612329831,46.561519510585796,24.133211364098837,36.22325711684583,48.0083631170777,37.73345003940414,historical_outputs/adapted_malcl/az_class/seed_50/full-result.json,33e18700344596324b0bbf3eac686e40464f18c88997ff8c38cd8d4099607be4,task_matrices/adapted_malcl__az_class__seed_50.json,27ccfb54a6f6e5597bc9d35c7d4b950af8846fcca88dbb40b52fe8786ba07b8f,task_matrices/adapted_malcl__az_class__seed_50.json,V15.5,historical_outputs/adapted_malcl/az_class/seed_50/full-result.json,historical_outputs/adapted_malcl/az_class/seed_50/full-result.json,not_reported
AHR-MalCL-HR (hybrid_random_buffer),AZ-Class,51,74.84896634962126,73.49274929425043,11.761430000000002,67.33670491251337,70.62537963431758,83.03780705688955,74.84896363636365,70.69925497741518,73.49274929425043,78.13319729666799,historical_outputs/anchored_hr/az_class/seed_51/full-result.json,f3262618a4d412b7bbcc28bbdf240d6d5331247d848ed6e734fb1a9160424ab2,task_matrices/anchored_hr__az_class__seed_51.json,7332d5cb99f0aa56ef8be9373b46c5b3fd905d6ec75ede3a784ea7367c511e60,task_matrices/anchored_hr__az_class__seed_51.json,V15.5,historical_outputs/anchored_hr/az_class/seed_51/full-result.json,historical_outputs/anchored_hr/az_class/seed_51/full-result.json,historical_outputs/anchored_hr/az_class/seed_51/full-result.json
ER (standard),AZ-Class,51,78.98208751924652,76.01437233221205,20.447935088645323,72.38847031323944,74.7341378707405,85.45740918963664,78.98208751924652,75.11117336041178,76.01437233221205,81.031796669083,historical_outputs/er/az_class/seed_51/full-result.json,91c6a2b8c7deef53fd5cf93d09555b4cb816df82476f6dedba0d1b390903ae53,task_matrices/er__az_class__seed_51.json,c86eca570d07be0996022bb7536c68d5669c26d551b7312cd13d13e860c6c5ce,task_matrices/er__az_class__seed_51.json,V15.5,historical_outputs/er/az_class/seed_51/full-result.json,historical_outputs/er/az_class/seed_51/full-result.json,not_reported
DER++ (standard),AZ-Class,51,80.04393877045261,75.82131137753332,19.189056230002983,73.30462132218005,75.27727040362385,86.22955873877395,80.04393877045263,75.94103434994223,75.82131137753332,81.55336837365292,historical_outputs/derpp/az_class/seed_51/full-result.json,ff80fd986f1a89de4f74b8c985bef94e9c76bcdac4cfbc9a88b2e08f759b297f,task_matrices/derpp__az_class__seed_51.json,e4e22cb013ccbc0acfd4f3a5afa8f7a1cd38f9ac501c1e7953b642e677af4ac3,task_matrices/derpp__az_class__seed_51.json,V15.5,historical_outputs/derpp/az_class/seed_51/full-result.json,historical_outputs/derpp/az_class/seed_51/full-result.json,not_reported
protocol-matched adapted MalCL baseline,AZ-Class,51,33.74411277114153,40.024104269669245,14.061750941176705,34.32080615231817,32.63645738404144,49.268662738013404,33.74411277114153,33.001855807276165,40.02410426966925,40.43999531907975,historical_outputs/adapted_malcl/az_class/seed_51/full-result.json,6e7f47e259318b4125947d5478cf8b5ec2ac158cdc09a0fc86866d647d4b66df,task_matrices/adapted_malcl__az_class__seed_51.json,62f81695f2bedc185ac98964e8e407d7eeb535dc02a48043e9bfe436093a23ec,task_matrices/adapted_malcl__az_class__seed_51.json,V15.5,historical_outputs/adapted_malcl/az_class/seed_51/full-result.json,historical_outputs/adapted_malcl/az_class/seed_51/full-result.json,not_reported
